:020000040800F2
:100000000080002095870008E5870008E587000844
:10001000E5870008E5870008E58700080000000084
:10002000000000000000000000000000E58700085C
:10003000E587000800000000E5870008336E00082F
:10004000E5870008E5870008E5870008E5870008E0
:10005000E5870008E5870008256F00082B6F00087A
:10006000316F0008376F00083D6F0008E587000812
:10007000E5870008E5870008E5870008E5870008B0
:10008000E587000800000000E587000835800008CB
:1000900029800008E5870008E5870008436F00080D
:1000A00029630008756200083D6300089962000832
:1000B000AD620008C1620008D5620008E58700084B
:1000C000E5870008E5870008E5870008E587000860
:1000D000E58700086D77000885770008A17700089C
:1000E0006B6F0008E587000839800008E587000885
:1000F00011630008E5870008256300080000000080
:1001000000000000E587000800000000E587000807
:10011000BD77000800000000E9620008FD620008E9
:10012000E5870008E5870008E5870008E5870008FF
:10013000E58700080000000000000000E5870008D7
:10014000E5870008E58700080000000000000000C7
:10015000000000000000000000000000000000009F
:10016000000000000000000000000000E58700081B
:10017000E58700080000000000000000000000000B
:1001800000000000E58700080000000000000000FB
:10019000000000000000000000000000000000005F
:1001A0000000000000000000E5870008D577000887
:1001B000E5870008E5870008E587000800000000E3
:1001C00000000000E58700080000000000000000BB
:0801D000E5870008E58700083F
:1001D80010B5054C237833B9044B13B10448AFF379
:1001E80000800123237010BDCC0000200000000017
:1001F8006C8E000808B5034B1BB103490348AFF3E5
:10020800008008BD00000000D00000206C8E0008AF
:1002180008B501F047FA00F077F900F063FF01F044
:100228003FF902F00FFD01F073FC02F0BBF9BDE8E5
:10023800084001F0BFBA0000F7B51E4F1E4D00265A
:1002480002F000FA01F0B2FD02F056FD02F0ACFD3A
:10025800E8B101A8ADF804608DF8066001F0F2F885
:100268000DF102010446684601F088FBDCB19DF8F7
:1002780006300BB102F01AFE9DF80400BDF90230F9
:10028800BDF900209DF90510387002F0BDFD02F09F
:10029800E9FD08F047FB2B68C31A132BD0D9286057
:1002A80001F03CF9CCE7BDF90230BDF900203878FF
:1002B8002146EAE7E8000020EC00002010B585227E
:1002C8000021244808F000FC234924481F2208F094
:1002D80003FC204B22491C46581C1F2208F0FCFB3B
:1002E80020490F2204F1210008F0F6FB1E490F22D5
:1002F80004F1310008F0F0FB1C4BC4F841304FF01A
:100308000133C4F845301A4BC4F84930194BC4F8C6
:100318004D30A4F11F01032384F85A30012384F8D7
:100328005C3084F8603081F880304FF6FF73A1F8B4
:10033800863081F8883040F2FF1340F20112A1F8AC
:100348008A30642381F88C30A4F85D200A4BC1F808
:100358009C3010BD0F050020878E0008F004002097
:10036800958E00089D8E0008A88E00080912BAC054
:1003780001012003E80302140400010010B5084C31
:1003880001444FF0FF32884201D1D04310BD10F82C
:10039800013B5340DBB254F8233083EA1222F2E7E0
:1003A800F000002008B5FFF789FF002008BD000015
:1003B8002DE9F0433E4D3F4E87B00024A02128464A
:1003C800C5F8A040FFF7DAFFC5F8A00002F0DCFF8F
:1003D800B36943F04043B3614CF2FA3701233F223B
:1003E8003761CDE9033202940593019472B601A9ED
:1003F80002A803F0B5F8044662B602F0D7FF002C55
:1004080053D102F0C1FFB36943F04043B361376190
:1004180072B6FF264FF0FF322F1913460020C4F1A1
:10042800A40C26E04FEAC00EAEF12001CEF1200860
:1004380026FA08F806FA01F141EA080106FA0EF868
:1004480022EA080817F8012B23EA0101CEF1200956
:10045800AEF1200302FA03F322FA09F9013043EA64
:10046800090302FA0EF2082842EA080243EA0103E5
:1004780001D06045D6D104F1006101F5FC310020BE
:10048800083402F0C7FFA82C04D00028C2D04FF0CF
:10049800FF3403E0003818BF0120444262B602F07E
:1004A80085FF204607B0BDE8F0834FF0FF34F8E73A
:1004B800F00400200020024070B5104D104BD5F814
:1004C8009C209A42AAB003D04FF0FF302AB070BDEA
:1004D800A422294601A8D5F8A060002408F052FB00
:1004E800A02101A82994FFF749FF8642ECD10548CD
:1004F800A422294608F046FB2046E7E700F8010851
:1005080004000100F004002038B50C4C0C4D00220A
:100518001346082143F300002840013980EA5303B9
:10052800F8D10132B2F5807F44F8043BF0D1FFF7EF
:10053800C5FEBDE83840FFF7BFBF00BFF000002090
:100548002083B8ED38B514460D46002900F06F82B7
:100558003C2A00F26C820138742800F26882DFE8D5
:1005680010F07500840090009C0066026602660226
:100578006602660266026602660266026602660233
:10058800A800B300BE00C900D400DF0066026602FE
:100598006602660266026602660266026602660213
:1005A800EA00FA001601220130013B014601660209
:1005B80066026602660266026602660266026602F3
:1005C80051015C01670172017D01880166026602C2
:1005D80066026602660266026602660266026602D3
:1005E80093019F01AA01660266026602660266021C
:1005F80066026602660266026602660266026602B3
:10060800B501C001CB01DF01EA01F401660266020F
:100618006602660266026602660266026602660292
:10062800FE010B0218021F02280266026602660219
:100638006602660266026602660266026602660272
:100648002F02380241024A0251025D021F2A00F2BB
:10065800EE8120220021AE4808F036FAAC48224646
:10066800294608F08FFA002038BD1F2A00F2DF81E2
:1006780020220021A74808F027FAA6482246294642
:10068800EFE70F2A00F2D38110220021A24808F0D8
:100698001BFAA14822462946E3E70F2A00F2C78140
:1006A800102200219D4808F00FFA9C48224629464E
:1006B800D7E7012A40F0BB810B78012B00F2B78104
:1006C800934A82F86430CEE7012A40F0B0810B7873
:1006D800012B00F2AC818E4A82F86530C3E7012A0B
:1006E80040F0A5810B78012B00F2A181884A82F89D
:1006F8006630B8E7012A40F09A810B78012B00F2A6
:100708009681834A82F86730ADE7012A40F08F81ED
:100718000B78012B00F28B817D4A82F86830A2E7C2
:10072800012A40F084810B78012B00F28081784AFD
:1007380082F8693097E7022A40F079810A88A2F1A5
:1007480064039BB247F69C418B4200F27081704B68
:10075800A3F86A2087E7022A40F069810B887D2B7D
:1007680011D0FA2B0FD0B3F5FA7F0CD0B3F57A7FFE
:1007780009D0B3F5FA6F06D0B3F57A6F03D0B3F5A5
:10078800FA5F40F05481624AA2F86C306BE7012AA4
:1007980040F04D810B785A1E022A00F248815C4ACB
:1007A80082F86E305FE7012A40F041810A78A2F1B1
:1007B8000A03DBB2BE2B00F23A81554B83F86F2057
:1007C80051E7012A40F033810B78012B00F22F8189
:1007D8004F4A82F8703046E7012A40F028810B78AA
:1007E800642B00F224814A4A82F871303BE7012ADF
:1007F80040F01D810B78032B00F21981444A82F8DE
:10080800723030E7012A40F012810B78142B00F285
:100818000E813F4A82F8733025E7012A40F00781AC
:100828000B78142B00F20381394A82F874301AE7E6
:10083800012A40F0FC800B78142B00F2F880344A2F
:1008480082F875300FE7012A40F0F1800B78142BFD
:1008580000F2ED802E4A82F8763004E7012A40F053
:10086800E6800B78142B00F2E280294A82F8773070
:10087800F9E6012A40F0DB800B78022B00F2D780E2
:10088800234A82F87830EEE6012A40F0D0800B78CF
:100898005A1E072A00F2CB801D4A82F87930E2E618
:1008A800012A40F0C4800B78012B00F2C080184A5E
:1008B80082F87A30D7E6012A40F0B9800B78012B0C
:1008C80000F2B580124A82F87B30CCE6012A40F06B
:1008D800AE800B78012B00F2AA800D4A82F87C309A
:1008E800C1E6012A40F0A3800B78012B00F29F801B
:1008F800074A82F87D30B6E6012A40F098800B78E6
:10090800012B00F29480024A82F87E30ABE600BFE9
:10091800F0040020100500203005002040050020CC
:10092800012A40F084800B785A1E172A7FD8414A42
:1009380082F87F3097E6012A79D10B785A1E032A6C
:1009480075D83C4A82F880308DE6022A6FD10B8830
:10095800B3F5FA7F6BD8374AA2F8823083E6032AC8
:1009680065D1344B0A7883F884204A7883F8852047
:100978008A7883F8862076E6032A58D12D4B0A78A0
:1009880083F887204A7883F888208A7883F8892032
:1009980069E6012A4BD1274B0A7883F88A2062E658
:1009A800012A44D10B78042B41D8224A82F88B3093
:1009B80059E6012A3BD11F4B0A7883F88C2052E66E
:1009C800012A34D10B78042B31D81A4A82F88D3099
:1009D80049E6012A2BD10B78032B28D8154A82F82F
:1009E8008E3040E6012A22D10B78072B1FD8114AF6
:1009F80082F88F3037E6012A19D10E4B0A7883F82E
:100A0800902030E6082A12D80B4B00221A605A6050
:100A18001846224608F0B6F8047224E6012A06D1E0
:100A28000B780C2B03D8034A82F89A301BE64FF058
:100A3800FF3019E6F00400208105002070B5154646
:100A48000C46002900F06381002A00F0608101381B
:100A5800742800F25C81DFE810F0750082008A00DB
:100A680092005A015A015A015A015A015A015A016F
:100A78005A015A015A015A019A00A000A400A8007C
:100A8800AC00B0005A015A015A015A015A015A01E0
:100A98005A015A015A015A01B400BF00C600CA00DF
:100AA800CE00D200D6005A015A015A015A015A0101
:100AB8005A015A015A015A01DA00DE00E200E60042
:100AC800EA00EE005A015A015A015A015A015A0124
:100AD8005A015A015A015A01F200F600FA005A0165
:100AE8005A015A015A015A015A015A015A015A0126
:100AF8005A015A015A015A01FE00020106010A016F
:100B08000E0112015A015A015A015A015A015A0199
:100B18005A015A015A015A01190125012F013301BD
:100B280037015A015A015A015A015A015A015A0108
:100B38005A015A015A015A013B013F014301470139
:100B48004B0156012021734807F0D9FF7149064629
:100B580082B2204608F016F82E80002070BD2021B1
:100B68006D4807F0CCFF6C49064682B2F1E71021C8
:100B78006A4807F0C4FF6949064682B2E9E71021CE
:100B8800674807F0BCFF6649064682B2E1E7614B59
:100B980093F86430237001231CE05E4B93F86530B2
:100BA800F8E75C4B93F86630F4E75A4B93F86730F4
:100BB800F0E7584B93F86830ECE7564B93F86930F8
:100BC800E8E7544BB3F86A200A70B3F86A301B0A96
:100BD800637002232B80C0E74E4BB3F86C200A7079
:100BE800B3F86C30F3E74B4B93F86E30D2E7494BD0
:100BF80093F86F30CEE7474B93F87030CAE7454B10
:100C080093F87130C6E7434B93F87230C2E7414B13
:100C180093F87330BEE73F4B93F87430BAE73D4B17
:100C280093F87530B6E73B4B93F87630B2E7394B1B
:100C380093F87730AEE7374B93F87830AAE7354B1F
:100C480093F87930A6E7334B93F87A30A2E7314B23
:100C580093F87B309EE72F4B93F87C309AE72D4B27
:100C680093F87D3096E72B4B93F87E3092E7294B2B
:100C780093F87F308EE7274B93F880308AE7254B2F
:100C8800B3F882200A70B3F88230A0E7214B93F8BA
:100C980084200A7093F885204A7093F88630A370F0
:100CA800032397E71B4B93F887200A7093F8882053
:100CB8004A7093F88930F2E7164B93F88A3069E75F
:100CC800144B93F88B3065E7124B93F88C3061E73F
:100CD800104B93F88D305DE70E4B93F88E3059E743
:100CE8000C4B93F88F3055E70A4B93F8903051E747
:100CF800084E204696F8992006F1910107F042FF28
:100D080096F8993066E7034B93F89A3042E74FF02C
:100D1800FF3023E7F00400201005002030050020F4
:100D280040050020FFF7F0BB2DE9F043A1B01C46B9
:100D3800289E0D46002967D0002B65D0002E63D071
:100D4800032A61D9B1F8029091F800804F78B9F17F
:100D58003B0F59D8033A4A4556DD3B22002102A8E9
:100D680007F0B2FE3B22002111A807F0ADFE0023D8
:100D78004A46291D02A8ADF8063007F003FF08F11E
:100D8800FF33042B3CD8DFE803F00C2C3B3803007E
:100D980045F2AA53ADF844300223ADF806300023DB
:100DA8000BE00DF1060211A93846FFF747FE0028AF
:100DB800F5D00023ADF806300223BDF80650A57023
:100DC8002A0AE27084F800802A466770237111A904
:100DD800601D053507F0D6FE3580002021B0BDE83E
:100DE800F0834A4602A93846FFF7ACFB50B9FFF733
:100DF800DFFA0028D3D00623DFE7FFF7D3FAF6E7B8
:100E08000123DAE70523D8E74FF0FF30E6E70000D3
:100E1800094A00231370094A1370094A1370094AD2
:100E28001370094A1370094A1370094A1360094A72
:100E38001360094A13607047A5050020A405002027
:100E4800A3050020A2050020A1050020A005002080
:100E5800940500209C050020980500202DE9F74FF7
:100E68006F4B704F93F8675097F80080DFF8D0C148
:100E780000F00104C0F34002C0F38006C0F3C00EC6
:100E8800BDB393F87C50A5B3BEF1000F42D13D78B5
:100E9800DFF8B091DFF8B081DFF8B0A1D5B1CEB1FD
:100EA80034B199F800701FB9DFF87CB18BF8007085
:100EB8003AB198F8007027B95B4F4FF0010B87F8EB
:100EC80000B09AF800702FB9002C3ED0DFF858B166
:100ED8008BF800708CF800E08AF8006089F8004010
:100EE80088F80020002D38D100F00B0003B0BDE8D1
:100EF800F08FB8F1000FCAD04C4D4FF00008C5F87C
:100F080000804B4D87F80080C5F80080494DC5F832
:100F18000080BCE79CF80050002DB8D188F001088B
:100F280087F80080DFF8008193F87E9088F80090B9
:100F3800DFF8F880C8F80050DFF8F480C8F80050EF
:100F4800DFF8F080C8F80050A1E7002AC2D0364F79
:100F58004FF0010B87F800B0BCE7354E41B30A6883
:100F680032B393F8804093F87FE0DFF8C0C035686B
:100F7800DCF80070DFF8C090012C38BF0124BEF106
:100F8800010F38BF4FF0010E3A4414FB0EF4CCF8B1
:100F980000200027C4F1000E94422CDD9645F0464F
:100FA80032DA2FB1234C019F2760CCF8002035603E
:100FB800356875B3204AB3F8823054681D4A126800
:100FC800A41A1E4A4FF47A771268B2FBF7F25A4312
:100FD80094421ED3002DD4BF4FF0FF320122AD1A28
:100FE800356001B10A60104B1B7800F0FB006BB94B
:100FF80040F0010078E70135A046D9F80470019760
:10100800A2EB08020127C7E7013DF6E740F002001E
:101018006AE700293FF468AF00230B6064E700BF6C
:10102800F0040020A5050020A40500209C05002050
:101038009805002094050020001000E074000020AE
:10104800A3050020A1050020A0050020A20500207E
:10105800014B1878704700BFA5050020F0B5EFF3E5
:10106800108772B60F4E33783F2B18D80E4C0F4DA1
:10107800237803EB4303E854237803EB43032B441F
:101088005970237803EB43031D442378AA70013376
:1010980003F03F03237033780133DBB2337007B9B1
:1010A80062B6F0BDCA050020CC050020CD050020A1
:1010B8000B4B1B69C3F3C00080F00100C0B2DA0615
:1010C80058BF40F00200990658BF40F004005A0685
:1010D80058BF40F008001B0658BF40F0100070478A
:1010E800000400481F4A08B5D36C43F00303D364D7
:1010F800BFF34F8F1C4A1D4913680B401360D36818
:101108000B4043F4AA4343F04003D3604FF09043AD
:10111800196821F00F011960D96821F00F0141F019
:101128000501D96012691A691B69114A03F00303A2
:101138001360FFF7BDFF0F4B0F4A187000231370A1
:101148000E4A13700E4A13700E4A13700E4A13702B
:101158000E4A13600E4A13700E4A1370BDE8084019
:10116800FFF756BE00100240000400483F00FFFF92
:10117800AC050020C8050020C9050020A6050020F0
:10118800CA050020CB050020CC050020B0050020B2
:10119800A7050020A80500202DE9F04F9E4E3378C2
:1011A80085B001333370FFF783FF9C4BD3F804C03D
:1011B8009B4B1A789B4B19684FF47A73B1FBF3F386
:1011C800994901938346002391F878E09748994616
:1011D800012404FA03F85FFA88F50BEA050405EA26
:1011E8000207BC4245D007685FFA83FAACEB0707F1
:1011F8000097BAF1030F28D8DFE80AF0021E21246D
:1012080091F873A0019FBEF1010F0AFB07FA1FD0E6
:10121800BEF1020F1FD0009F57452AD3C0F800C067
:10122800002C54D0022B19D8DFF80C9299F80070D2
:101238002F4389F8007017E091F874A0E2E791F85D
:1012480075A0DFE791F876A0DCE791F877A0D9E7F9
:101258004FEA4A0ADFE74FEA5A0ADCE7032B0CBFDA
:10126800734D744D01272F7022EA080222434FF074
:1012780001090133052B00F10400A9D1B9F1000FD0
:1012880001D0674B1A706A4F6B4D3B7895F8008018
:10129800003B18BF012308F0070848EAC30802A961
:1012A800002340460293FFF7D9FD4FF090431A6997
:1012B8001B69520002F00202C3F3400313435F4A62
:1012C800116803291CD8DFE801F010174844022BE5
:1012D80006D8DFF8649199F8007027EA0507A8E7AF
:1012E800032BC1D1524D2C70BEE7012B38D0022BF5
:1012F80006D14FF0FF3434E0032B31D0002BF8D067
:101308001360337813F0070340F082803A782C7822
:101318000293003A18BF012204F0070444EAC20409
:1013280002A92046FFF79AFD00F00705FFF790FE97
:1013380000285BD0029E002E58D103A920460396B0
:10134800FFF78CFD03990446002957D1394C2278C0
:101358004FE0022B04D0012BCAE70BB1032BC7E7E0
:1013680001241360FFF774FE98B103A94046039463
:10137800FFF774FD039B0446002BC2D000221146E0
:1013880000F00700FFF76AFE04F00400FFF766FEAE
:10139800B7E7DFF8ACA0DFF890B0DAF800309BF8D8
:1013A80079801C44B8F1000FCAF8004008BF4FF01C
:1013B8000308A045C8F1000904DD4C45A1DC4FF045
:1013C800FF3100E001219BF87A300BB1494249B264
:1013D800287800229442C8BFC14600F00700A4EB59
:1013E8000904FFF73BFECAF80040E2E7114C2278F7
:1013F80000212846FFF732FE217009E000F00700BF
:1014080032463146FFF72AFE04F00400FFF726FEB5
:1014180005B0BDE8F08F00BFA8050020001000E06F
:10142800C805002074000020F0040020B405002046
:10143800A6050020A7050020C9050020AC0500204E
:10144800B0050020F0B50346EFF3108472B61149D9
:101458000A7802F0FF0012B904B962B6F0BD0E486E
:101468000E4E027802EB4202B518B75C027895F985
:101478000160AD78013202F03F0202700A78013A49
:10148800D2B20A7004B962B61F705E709D700120F6
:10149800E4E700BFCA050020CB050020CD050020E9
:1014A8001C4B1A6E42F400621A66DA6C42F00102B2
:1014B800DA64BFF34F8F4FF09043FF211A6822F48C
:1014C8007C1242F428121A605A6A6FF30B0242F433
:1014D800CC6242F006025A629A6842F47C129A6020
:1014E800DA6822F47C12DA600B4B00229A62D96225
:1014F80046F6680199616821D96140F211111962B3
:101508004FF40C4159645A639A63DA6381221A6072
:10151800704700BF00100240002C01402DE9F04147
:10152800DFF87C8198F868302BB95B4A5363936382
:10153800D363BDE8F08198F8673098F8847098F81C
:10154800856098F886505BB198F87C3043B1FFF716
:101558007FFD28B198F8877098F8886098F88950C6
:1015680098F88C304D4C0A2B38BF0A23B4FBF3F49F
:1015780007F0D8F9B0FBF4F303FB140098F88B30AC
:10158800022B4FEA0020B0FBF4F098F88A402FD0E5
:10159800042B32D0012B35D17F2888BFC0F1FF0042
:1015A80040004300C3F54073404343431B0CFA22F9
:1015B80053431B0A0533FF2003FB07F103FB06F225
:1015C800B1FBF0F16B436143B2FBF0F2B3FBF0F314
:1015D80062436343304CB1FBF0F1B2FBF0F2C9B2A5
:1015E800D2B2B3FBF0F3DBB26163A263E363A0E7BB
:1015F800802834BFFF230023DDE7802834BFFF2382
:10160800B423D8E7032B44D198F88C301922B3FBC4
:10161800F2F30133DBB242F21075B5FBF3F507F0D4
:1016280081F9FF23C0EB0020B0FBF5F0B0FBF3F32A
:10163800C3EB0323C01A5428C3B216D8A3EB830301
:10164800DAB2531E5242DBB2D2B20021FF2063430A
:101658006243B3FBF0F3B2FBF0F26143B1FBF0F18C
:101668000D4843638263C16363E7A92809D8553BE2
:10167800A3EB8303DBB25A1E5B42D9B2D2B200237A
:10168800E4E7563303EB4303DBB2D943C9B2002284
:10169800DCE7FF238FE700BF002C014060E3160062
:1016A800F004002030B5364DAB6D43F08053ADB03B
:1016B800AB65AB6D03F0805300930020009B02F0F4
:1016C800A1FD142200210EA807F0FEF922230D9394
:1016D8004FF4807E40230122CDE910E30223CDE9B7
:1016E8001323042155220DA8CDE91612CDE918338C
:1016F80015931A9302F0E6FDD5F898309C07FBD5B0
:10170800002403230F22042102A8CDE90223CDE9F6
:101718000444069403F018F8402221461CA807F058
:10172800D3F94FF400531BA81B9303F043F9AB6D97
:1017380043F48073AB65AB6D079403F48073019336
:10174800019B09944FF0005308934BF67F302223F6
:10175800CDE90A03202307A80C9303F067FA05F0E4
:101768008BFD084AD2F8FC3043F08073C2F8FC3095
:10177800054B5C601A6842F001021A602DB030BD5A
:101788000010024000ED00E0001000E0FFF704BD8B
:10179800012A02D1016000207047022A05D0032ADD
:1017A800F9D0002AF7D10260F5E70B680360F2E789
:1017B8000368184730B5B82085B005F043FA144CD3
:1017C8001449054604F0C6FD02224FF4FA51284692
:1017D800256004F027FD002301930F4B00930F4B66
:1017E800039320680E4B0293694604F0FAFD029BAE
:1017F8001BB10322694668469847206800220321E6
:1018080004F0F7FB206805B0BDE8304004F0CEBB1B
:10181800900600200010004095170008B91700082E
:10182800991700080649074B074A1B68B3FBF2F3F0
:1018380010B54C6843434A68121B9A42FBD310BD4B
:10184800001000E07400002040420F000121C42075
:1018580007F030B80021C42007F02CB800B53A4A88
:1018680092F86E1092F86F30012908BF053389B0DD
:10187800FF2B28BFFF238DF81430344B1B88ADF89D
:101888001630B2F87030ADF8183092F87230012B7B
:101898004DD0DFED2F7A9FED2F7A022B18BFF0EE97
:1018A800477A04AB2C49009309782C48CDED077A88
:1018B80003AB05AA00F0BCFB294ADDED037A92EDE3
:1018C800006A284B2848D3ED006A284936EE276A73
:1018D800DDED047ABDEEC67A76EEA76AF8EEC75A51
:1018E800FDEEE67A36EE656A17EE90CA82ED006A7A
:1018F800B8EEE76A17EE102A76EEC66AC3ED006AFC
:1019080003681A440B6802609C44B2F5FE6F634694
:10191800C1F800C00EDD4FF4FE620260B3F5FE6F41
:101928000DDD4FF4FE630B6009B05DF804FBF5EEC6
:10193800007AB6E712F5FE6FF0DA0D4AEDE713F517
:10194800FE6FF1DA0A4BEEE7F004002000000020F9
:101958003333B33E9A99993EA8060020AA06002080
:101968009C06002098060020A4060020A00600205F
:1019780010F8FFFF002206F0A2BC0000F0B5DFF867
:1019880050C0124FDCF800203B6882EAE27683EA16
:10199800E374A4EBE374A6EBE276A642B8BF26464E
:1019A8007F2EC7BFC2EBC215C3EBC3141C46154636
:1019B800C4BF95FBF6F594FBF6F4521B1B1B058080
:1019C800CCF800203B600C80F0BD00BFA0060020D2
:1019D800A406002037B5164B0093002540F20313E8
:1019E800ADF804308DF8065002AB13E90600044642
:1019F800104806F0A7FBFFF72DFF21460D48FFF71B
:101A0800B9FFA020FFF70EFF29460A48FFF7B2FFEB
:101A180004460120FFF706FFFFF718FF054806F008
:101A28005DFB1E20FFF7FEFE204603B030BD00BF61
:101A380080841E00CC0E002037B5154B009340F271
:101A48000313ADF8043000238DF8063002AB0546C9
:101A58000C46104813E9060006F074FBFFF7FAFE7F
:101A680045F080010B48FFF785FF21460948FFF73D
:101A780081FF2320FFF7D6FEFFF7E8FE054806F0B2
:101A88002DFB962003B0BDE83040FFF7CBBE00BF6A
:101A980080841E00CC0E002038B5194DB5F86A4078
:101AA800632C28D942F643739C4226D86423B4FB9E
:101AB800F3F4611EC9B20F20FFF7BEFF95F86E3030
:101AC800032B34BF022103216320FFF7B5FF002158
:101AD8005020FFF7B1FF0B4BB5F86A201A800A4B6C
:101AE80095F86E201A7004EB8404084B04EB840408
:101AF800A4001C8038BD0124DBE77824D9E700BFA7
:101B0800F004002096060020940600200000002023
:101B18002DE9F341684F00240121C2203C7006F0F2
:101B28005FFE0121C22006F0C5FEC82006F0FCFEBB
:101B38000121C42006F054FEFFF788FE642006F059
:101B4800F3FE5E4A5E4B91695E4853F82110C16608
:101B5800D169526953F82110016753F8223043675D
:101B6800214606F095FBC82006F0DEFE03263D78E8
:101B7800002D40F08780FFF769FE5A213A20FFF7D1
:101B88005BFF502006F0D0FE0220FFF723FF032062
:101B9800FFF720FF0420FFF71DFF0520FFF71AFFBE
:101BA8000620FFF717FF0A2006F0BEFE2846FFF7BB
:101BB80011FF422860D129461020FFF73DFF0A2077
:101BC80006F0B2FE1D211320FFF736FF0A2006F0AB
:101BD800ABFE18211320FFF72FFF0A2006F0A4FE02
:101BE800394B009340F20313ADF804308DF80650DA
:101BF80002AB13E906003348DFF8F88006F0A2FAD2
:101C0800FFF728FEE2212F48FFF7B4FE0F20FFF769
:101C180009FE40F6FE7418F8011B2A48013CFFF73C
:101C2800A9FEA4B20F20FFF7FDFD002CF3D1FFF7AA
:101C38000DFE244806F052FA1E2006F075FE2A20F2
:101C4800FFF7C8FE042817D1204B1C80204B1C70BE
:101C5800FFF722FF21461020FFF7EEFE1E2006F0B8
:101C680063FE0220FFF7B6FE0A2006F05DFE21465D
:101C78005020FFF7E1FE0125013E16F0FF063D70FA
:101C88007FF475AF00F0B8F9124B01221A70124AAE
:101C980000231370114A1370114A4FF6FF71118017
:101CA800104A1360104A1360104A00231360104A48
:101CB800136002B0BDE8F081E506002080A40008AA
:101CC800ACA40008CC0E002080841E0096060020DC
:101CD8009406002004000020E4060020A806002046
:101CE80002000020A0060020A4060020980600207C
:101CF8009C060020BA8E000830B585B01F4B0293B1
:101D0800002440F203138DF80E40ADF80C3004ABFC
:101D180013E9060005461A480094CDF8034006F07A
:101D280011FAFFF797FD50211548FFF723FE2420ED
:101D3800FFF778FD234607226946114806F0F6FAB0
:101D4800FFF784FD0E4806F0C9F99DF80030C3F38B
:101D5800C0021B0644BFBDF80240BDF804306A71DA
:101D680044BF64425B429DF806202A7146BF24B2F4
:101D78001BB223462C806B8005B030BD80841E00CA
:101D8800CC0E002007B56846FFF7B6FF8220FFF7A4
:101D980049FD6846FFF7B0FF00F02EF9024B00221C
:101DA8001A7003B05DF804FBA80600202DE9F8437B
:101DB800524B1B78C3B1524B524F5C6897F8643052
:101DC800DFF87891504D514E83B9514A012389F873
:101DD8000030002313604F4A2B7013604E4A337053
:101DE800002313604D4A1360BDE8F88300F02EFE0F
:101DF8000028EAD04A4B99F80010B7F86A201B88E7
:101E0800DFF83C81002957D000219A4289F8001058
:101E180005D1444B97F86E201B789A4201D0FFF702
:101E28003BFEFFF7AFFF364B5C683F4B1C604FF63D
:101E3800FF73A8F800303D4BB8F80010B3F84830ED
:101E48003278C3F30A03994247D0A8F80030384BD8
:101E58001C600AB1FFF702FD00232B70324B1C6097
:101E6800012333702B78072B1CD82F4F3A68A41AFC
:101E7800002C17DB5A1C2A702E4A062000FB032070
:101E8800FFF73AFF2C4B4FF4FA521B68B3FBF2F3FF
:101E98003A6813441A4A3B605268D11A0029C8BFED
:101EA80013463B603478002C9ED12B78072B9BD9A6
:101EB800FFF7D4FC2C7097E79A4205D1194B97F895
:101EC8006E201B789A42B6D0FFF7E6FDFFF75AFF5F
:101ED8000B4B5C68144B1C60ADE7002AC2D0144B56
:101EE8001A68154BA21A1B684FF47A71B3FBF1F309
:101EF80003EB43039A42B5D90023B2E7E506002075
:101F0800001000E0F0040020A8060020E4060020ED
:101F1800A0060020A4060020980600209C060020A9
:101F28009606002094060020DC060020005C004095
:101F3800E0060020AA06002074000020040000200B
:101F480002000020F0B585B06C46002230F912601E
:101F5800134625461BB135F9027CBE4246DB04AD6B
:101F680005EB4303013223F8106CD3B2994204F114
:101F78000204EBD801F0FE0210326A444B0832F931
:101F8800102C07EE902ACA07F8EEE77A0DD405EB75
:101F9800430333F9123C07EE103AB8EEC77A77EEEE
:101FA800277AB6EE007A67EE877AF0EEE76AB2EE45
:101FB800007A76EE876A9FED0F0A00EB410130F94F
:101FC800023B07EE103AB8EEC77A37EE676AB0EE12
:101FD800C66AB4EE666AF1EE10FAC8BFB0EE677A68
:101FE800814230EE070AEAD105B0F0BD25F8027942
:101FF800013BAFE700000000074A00231360074ACF
:102008001360074A1360074A1360074A1360074BB7
:1020180001221A70704700BFF4060020F80600205D
:10202800F0060020E8060020EC060020050000204D
:102038002DE9F0432DED088B9FEDB2BA9FEDB27AF2
:1020480089B01E4683ED00BA5388189F642B38BFA9
:10205800642307EE903AF8EEE77A9046C7EE87AA2F
:1020680087ED00BA002900F0308192F800C0A74A35
:1020780008294FF00003147828BF08211D4690F85E
:1020880005E0BEF1000F27D1B4FA84F490F804906B
:1020980064090CEB4404A1451EDBB0F900E08EEAAC
:1020A800EE74A4EBEE74A4B2B4F5617F12D8B0F963
:1020B800029089EAE974A4EBE974A4B2B4F5617FEB
:1020C80008D808AC04EB4504013524F820EC24F8C2
:1020D800109CEDB2012400E0002401335FFA83FE76
:1020E800714500F10600CAD8147035B91570284634
:1020F80009B0BDEC088BBDE8F08307EE901A07EE37
:10210800105AF8EE677AB8EE477A294687EE878A3A
:102118006846FFF717FF294604A860EE088AFFF70C
:1021280011FF20EE088A7A4BDFED7A7A93ED00AA48
:1021380038EECA7AB7EE009AA7EE27AA83ED00AA6E
:10214800754BD3ED009A38EE697AE7EE279AC3ED1E
:10215800009A98F80430002B40D0F0EE690AB0EEEF
:102168004A0A06F067FDF4EEC0AAF1EE10FA35DC73
:1021780098F80530DFED696A9FED696A642B28BF1E
:10218800642307EE903AB8EEE77AF7EE087AE7EEBE
:10219800267ADFED646AB0EECAAAF0EEE99A67EE35
:1021A800A67AB4EEE9AADFED606AF1EE10FAE7EE7E
:1021B800066AC0F28F8089EE8A6AF4EEC67AF1EE7A
:1021C80010FA0BDD86EE277AB0EE496AA7EE476A69
:1021D800F0EE497AE6EEC67A28EE278AF0EE480A4B
:1021E800B0EE680A06F026FD504B9FED517AD3ED0C
:1021F800007A30EE670AE0EE077A37EEEA7AC3ED46
:10220800007AF2EE0C7ADAEEA7AAC7EE2A7AF5EE91
:10221800C07AF1EE10FA72D4F4EEC97AF1EE10FA3F
:10222800C8BFF0EE497AB0EE006AF0EE086AE7EE51
:10223800C66A27EEA77ADFED3F7A27EE267AD8ED31
:10224800026AF4EEE76AF1EE10FA08D4F4EEC96A0D
:10225800F1EE10FAD4BFF0EE667AF0EE497A364A1B
:10226800364B39EE679A0125E9EE077A92ED007A46
:1022780078EE878A93ED007A38EE078A28EEA77AF7
:1022880068EE277A86ED007AC7ED007A96ED007A37
:1022980078EEC78A38EE678ADFED297AB0EEE87AF9
:1022A800B4EE677AB0EEC87AF1EE10FAB4EE677A57
:1022B80048BFF0EE4B8AF1EE10FA48BFB0EE4B8AF9
:1022C800C2ED008A83ED008A11E7B0EE4B8AF0EE8A
:1022D8004B8A28E78AEE296AF4EEC67AF1EE10FAFC
:1022E8007FF77CAF86EE277AB0EE496AA7EE476A99
:1022F800F0EE497AE6EEC67A68EEA78A6EE7DFED79
:10230800017A90E70000000000007A4405000020F0
:10231800EC0600200AD7233DE80600208FC2753D51
:10232800F4FDD43B35FA8E3C3333B33EF00600203F
:102338009A99193ECDCCCC3DF8060020F406002031
:102348000AD7233CF0B500244F1CA3B2934200D314
:10235800F0BD5D1CADB20344AA429BB288BF3E5D8E
:102368000D5D03F1804398BF002603F5C04345EA9D
:1023780006251D800234E8E700F1805000F5B850CA
:102388008000028892B282EA011322F0F00252051C
:1023980003F03003520D134343F4004343F080032A
:1023A8000380704700F1805000F5B8508000038822
:1023B80023F0F0035B055B0D43F080030380704757
:1023C80070B500F1805404F5B854A400268835B2DD
:1023D80026F47E5626F03F067604760C314385EACD
:1023E8000232084385EA031502F4405205F030052D
:1023F80040F4004040F080002A430243228070BD30
:10240800164B80224021002010B5A3F84C20A3F8D9
:102418000014A3F80204A3F804244FF40442A3F818
:1024280006244FF4007102230322FFF7C9FF012499
:102438000023204601341A464FF4C061E4B2FFF786
:10244800BFFF042CF4D1064A1370064A1370064ADB
:102458001370064B01221A7010BD00BF005C0040CB
:1024680054070020FD060020FC060020080000207C
:1024780038B50B4C0B4D22882968402A28BF4022CA
:102488004020FFF75FFF084B5A80238811449A1AAF
:10249800296022800321BDE838400020FFF76CBF87
:1024A8004C070020500700200060004008490A88B7
:1024B80092B282EA003322F0F002520503F440534C
:1024C800520D134343F4004343F080030B807047DD
:1024D800005C004008B5064B03211970054B00202D
:1024E8005880FFF749FFBDE808400846FFF7DEBF00
:1024F80054070020006000400F4B10B5DA880F4CDD
:102508008A4220600E48134628BF0B4603803BB121
:102518008A4283BF03F03F03B3FA83F35B090023C6
:10252800084A1370084B01221A70FFF7A1FFBDE893
:1025380010400320FFF7BABF5607002050070020BD
:102548004C0700204A07002054070020024B0121B5
:1025580018701846FFF7D0BF0207002008B5012100
:102568000020FFF709FF0846FFF7A0FF014B0022F4
:102578001A7008BD5407002030B50023451C9CB2D2
:10258800A14200D830BD03F1804202F5C1420134B6
:102598001288A4B292B2A142C25484BF120AEA5469
:1025A8000233ECE7234B4FF4002210B5C3F8802028
:1025B800BFF34F8FBFF36F8F4FF48012C3F88020A3
:1025C800BFF34F8FBFF36F8F4FF48062C3F884203F
:1025D800BFF34F8FBFF36F8F174B9A6D42F4000212
:1025E8009A659A6B42F400029A639A6B22F400028D
:1025F8009A63BFF34F8F114C0123A4F840304FF476
:10260800807300BF013BFCD1A4F84030A4F84430EB
:10261800A4F85030A4F85830FFF7F2FE084B4FF6F4
:10262800FF7214201A8006F07FF94FF40043A4F8D3
:10263800583010BD00E100E000100240005C00408E
:1026480006000020B14AB2F844302DE9F34799B2A8
:1026580013F4FE4309D083F47F4383F0FF03A2F809
:1026680044304A0501D5FFF7CBFEA84D0824B5F83C
:10267800443098B21B045CD500F00F0000F1805381
:1026880003F5B8539B001E88B7B206F0800236B235
:10269800002840F0AE81FAB12B8823F0F0035B05E7
:1026A8005B0D43F400432B80994B1A78032A0CD115
:1026B80098490A7832B1984A127842F08002A5F80F
:1026C8004C20087000221A7006E0012A04D1934AAF
:1026D800118889B3FFF7CCFE002E26DA17F40067BD
:1026E80000F0508108216846FFF746FF0020FFF7F9
:1026F80059FE02210020FFF73FFE894F9DF8000098
:102708009DF80160BDF80210BDF80420BDF8063040
:1027180038707E707980BA80FB8010F0600712D024
:10272800202F00F0C580FFF719FF013C14F0FF04CB
:102738009DD102B0BDE8F0877A4A107808B11170CF
:10274800C8E70422BFE70B2EEDD801A353F826F003
:1027580089270008A92700082F270008A9270008AB
:102768002F2700089B270008AF2700082F270008FD
:102778005D28000863280008B1280008A927000878
:10278800694A00231370537002211046FFF7B4FE04
:10279800CBE7614B01F07F0119705E4B01221A7083
:1027A800FFF798FEC1E700F01F0001284FEA112348
:1027B80012D1022AB7D8222B06D15C4B33F812105B
:1027C8005B4B53F82200E1E7212BACD1594B5A4817
:1027D8009B5C09211844D9E7022B06D0032B07D0AC
:1027E800012BA0D155481221D0E753485421CDE7F9
:1027F80011F0FF0108D14C4A0421537009231170CC
:102808009370D1704848C1E703298CD80C2301394B
:102818004B4A594353185658327892B11979304671
:1028280006F06DF9404B421C52001A7003225A7090
:1028380030441A460021864206D111780029E1D198
:1028480071E79E682021EAE716F8017B9F70D9702E
:102858000233F0E73B4B187827E001293FF663AFD6
:10286800DFF8E080384FDFF8E4A0C9B288F800103C
:1028780001264FF0000998F80020F0B202F0FF039B
:1028880082B13AF816303B800022A7F80290022362
:102898004FF4C0610136FFF793FD042E07F10807D6
:1028A800E9D17DE71A46F3E70020FFF74FFE3CE742
:1028B800013E080AC9B20A2E3FF635AF01A757F8FC
:1028C80026F000BFF9280008B1280008832900086D
:1028D8002F2700082F2700082F2700082F27000878
:1028E8002F27000859290008A92700088729000868
:1028F800002A7FF418AF03287FF415AF482B0A4A43
:1029080028BF482300F0E6F9014697E7005C00403D
:1029180054070020FD060020FE0600204C0700207A
:10292800560700204A07002002070020429F00089F
:10293800489F0008E29F0008DC9E0008309F0008BE
:10294800B89E0008FC06002008600040E69F0008CA
:10295800022A3FF6E8AE023801283FF6E4AE013B12
:10296800472B3FF6E0AE2A4B02221A70294B002271
:102978001A800320FFF79AFDD7E6274B6BE7264B13
:1029880019700DE7224A1378022B04D03846FFF756
:1029980009FD1770EDE7DFF87C80204BB8F8006080
:1029A800D9881F48C6F148039BB21FFA81F9C1F3C1
:1029B8000901994228BF19463044FFF7DDFD31442B
:1029C800184E89B23846A8F80010FFF7EBFCF388D8
:1029D8008B4202D919F4707FCBD1B388002B7FF4D6
:1029E800DFAE70880E4A0B46000AB17800F056F93F
:1029F800D6E63AB11A8822F0F0025205520D42F496
:102A080000421A80002EBFF690AEFFF7CBFC8CE692
:102A18005407002000070020080000200060004044
:102A280002070020560700200649074BB3F8483034
:102A38000A88C3F30A0392B29A421ABF01200B8094
:102A48000020704706000020005C0040014B187809
:102A5800704700BFFC06002000F1805000F5B85018
:102A68008000008800F03000303818BF012070471F
:102A780038B50446FFF7F0FF054670B1084B402A09
:102A880033F8140028BF4022FFF75CFCE100054B37
:102A980020465A520321FFF76FFC284638BD00BF75
:102AA800E69F0008026000402DE9F047DFF840800B
:102AB80098F800503F2D0F4618D8DFF83890DFF807
:102AC80038A099F800400A266643731C0A46013468
:102AD80001460AEB030006F055F804F03F040135FF
:102AE8000AF8067089F8004088F80050BDE8F087B9
:102AF80061070020630700206407002010B586B036
:102B080000230124CDF802308DF80100CDF80530FE
:102B18008DF800400DF10200DCB2A2420FD800236C
:102B2800012268460921CDE903238DF81430FFF707
:102B3800BBFF092103A8FFF7B7FF06B010BD062B9E
:102B4800EDD0CC5C00F8014F0133E5E7A0F161025C
:102B58000023192A10B50B7002D85D38C0B210BD19
:102B6800A0F14102192A03D801230B703D38F5E77B
:102B7800A0F13102082A01D81338EFE730282DD008
:102B88000A282DD008282DD009282DD0174A12F848
:102B9800014BA04204D101220A7003F11E00DDE7B7
:102BA80001330A2BF3D1124A002312F8014BA04239
:102BB80002D1104AD05CD2E701330C2BF5D10E4A72
:102BC800002312F8014BA04203D101220A700B4ADC
:102BD800F0E701330B2BF4D10020C0E72720BEE734
:102BE8002820BCE72A20BAE72B20B8E7EE9F000888
:102BF8001CA0000810A0000804A00008F99F000805
:102C0800872837B503460C46154603D97833137021
:102C180003B030BD020606D5A0F18003012202FAF6
:102C280003F32370F4E70DF10701FFF78FFF002886
:102C3800EED09DF807302870002BE9D0237843F0B8
:102C48000203EEE708B5FEF76DF840220B480021B5
:102C580005F03AFF094A022302F8013C084A00231A
:102C68001370084A1370084A1370084A1370084A08
:102C78001370084A1370084A137008BD290A002007
:102C8800E409002061070020620700206307002094
:102C98005E0700205F070020600700200846022822
:102CA80010B511461C460ED16AB1402B88BF40248E
:102CB8002246054888BF013105F064FF034B1C809C
:102CC800034B01221A7010BDE8090020E609002014
:102CD800E4090020022910B510461C4608D1412BF2
:102CE80028BF41240349224605F04CFF204610BD69
:102CF8000024FBE7280A0020F0B5274E337895B06A
:102D0800002B38D040273A46002104A805F0DCFE05
:102D18000023ADF80E30214B214D1C880DF10E0318
:102D2800A4B20093224604AB29460220FDF7FCFF1B
:102D380050B314BB8DF8104000238DF811300023D8
:102D4800ADF8123001238DF814300523ADF80E309C
:102D580040220021134805F0B7FE124A1148022309
:102D680002F8013C04A9BDF80E2005F00BFFBFF3E3
:102D78005B8F0023337015B0F0BD2B788DF81030C1
:102D8800012CD9D06B78D8E7BDF80E30402B88BF1E
:102D9800ADF80E70DCE700BFE4090020E60900206A
:102DA800E8090020290A002010B5FFF74FFEF8B106
:102DB800134C94F8693023B9BDE810400220FFF79E
:102DC8004BBEFFF731FE98B1B4F86C30B3F57A7F9B
:102DD80010D2002B08BF4FF47A734FF47A72B2FB0B
:102DE800F3F208490B780133DBB2934204DA0B7033
:102DF800002010BD0122F4E700230B70DCE700BFC0
:102E0800F00400205E07002037B5144D2C7800F040
:102E18000F0024B1013C2C70114C247820438DF80C
:102E280004006FF07E008242B8BF02467F2AA8BF26
:102E38007F228342B8BF03468DF805207F2B4FF0D1
:102E48000402A8BF7F238DF8071002200DEB0201B2
:102E58008DF80630FFF70CFE03B030BD5F07002089
:102E68006007002038B50E4C2378BBB10320FFF76C
:102E7800F3FD98B10B4D0C492B780A225343581C8B
:102E8800CA5C01440320FFF7F3FD38B12B78013306
:102E980003F03F032B702378013B237038BD00BF3C
:102EA8006107002062070020640700202DE9FF4128
:102EB800494D95F88D20013A032A03D8DFE802F03E
:102EC80018263F6C454C14F8010BE0B101A9FFF737
:102ED8003DFE8DF808000028F5D09DF80400003864
:102EE80018BF0120012202A99040FFF707FEEAE778
:102EF80095F88F20012302F007029340384A137097
:102F0800384B14221A7004B0BDE8F081002295F8FD
:102F180090008DF804208DF8082001A902AAFFF777
:102F28006FFE9DF804009DF8082050EA0203EAD0DD
:102F3800003A18BF012202A9FFF7E0FDE3E795F880
:102F48009920254F002415442646A046AF4206D1B5
:102F580056EA0403D7D0224602A93046ECE797F890
:102F680091008DF8038001AA0DF103018DF804800A
:102F7800FFF746FE9DF803301E439DF804304BB121
:102F8800052C07D804F11001621C0DEB010404F8AC
:102F9800083CD4B20137D9E795F89A300C2BB2D84F
:102FA80002228DF80420104A32F813308DF80530CB
:102FB8001B0A8DF806300D4B01A81A889B78ADF8CE
:102FC800082002AC03218DF80A30FFF76DFD0321BC
:102FD8002046FFF769FD96E7F0040020AE8E000852
:102FE800600700205F0700202AA00008848E0008E0
:102FF8007047000038B50F4B1A6805460AB901201A
:1030080038BD4FF47A73B3FBF2F30B4A1068B0FB88
:10301800F3F000F089F804460028F0D10F2DEED81F
:10302800024629464FF0FF3000F03EF8034B204699
:103038001D60E5E70C00002074000020100000204F
:1030480010B5032000F01EF80020FFF7D3FF044658
:1030580018B9FFF7CDFF204610BD0124FBE700009B
:10306800034A0449136809680B441360704700BF9A
:103078006C0A00200C000020014B1868704700BF44
:103088006C0A00200749CA6822F4E06203021204AD
:1030980003F4E063120C134343F0BF6343F40033BB
:1030A800CB60704700ED00E0164B30B5DC68C4F328
:1030B8000224C4F10703251D042B28BF0423062D71
:1030C8004FF0FF358CBF033C002405FA03F321EAD7
:1030D8000303A54022EA0502A340002843EA0203AD
:1030E800ACBF00F16040084A4FEA0313B8BF00F0D4
:1030F8000F00DBB2AABF00F56140135480F800331B
:1031080030BD00BF00ED00E014ED00E0002807DB53
:10311800044A4109012300F01F00834042F821308E
:10312800704700BF00E100E00138B0F1807F0BD2AA
:103138004FF0E023054A5861F02182F8231000205F
:10314800072298611A6170470120704700ED00E07E
:10315800002808DB4309044900F01F0001226033FE
:10316800824041F82320704700E100E0704708B52D
:10317800FFF7FCFF08BD704710B5044608B90120E9
:1031880010BD437F03F0FF0213B90277FFF7F3FF87
:10319800022363772379E3B92368134A5A619A684B
:1031A80022F018029A6062792368D2B94FF0FF3290
:1031B8001A619A68616922F060020A439A609A6803
:1031C800A16922F080020A439A60012363770020F4
:1031D800D6E7D4E90212204600F008F80028E2D029
:1031E800CDE72269E4E700BFB71DC104CB0710B5DE
:1031F8000BD51E2321FA03F4E40708D5102A18D0AA
:10320800102A09D862B1082A15D0012010E0013B24
:10321800F0D2102AF4D1F8E7182AF6D1062BF4D800
:1032280000684161836823F018031343836000201A
:1032380010BD072BF3E70F2BF1E710B5044640B19B
:103248000223037103F084FD002020616071207166
:1032580010BD0120FCE710B5012358B1046801F046
:103268001001226803FA01F122EA010222600371C7
:10327800002010BD1846FCE70346002830D090F81F
:103288002520022A09D00422C2630120012283F8E2
:103298002520002283F8242070470268116821F055
:1032A80001011160116821F00E011160816C0A683A
:1032B80022F480720A60D0E9100202F01F01012294
:1032C8008A404260D3E9132151605A6D32B11168C6
:1032D80021F480711160D3E9162151600020D5E7EF
:1032E8000120704708B590F82530022B09D0042337
:1032F800C3630022012380F8253080F82420184673
:1033080008BD03681A6822F001021A601A6822F0E0
:103318000E021A60826C136823F480731360D0E97C
:10332800101303F01F02012393404B60D0E91332BE
:103338005A60436D33B11A6822F480721A60D0E97A
:1033480016325A60012380F82530002380F8243093
:10335800836B03B198470020D2E70000094A5369FC
:1033680043F4802310B55361EFF3108272B6002343
:10337800CC58C4500433B3F5807FF9D182F3108858
:1033880010BD00BF00200240064B5A69002ABFBF8B
:10339800054A9A6002F188329A60BABF5869C00F2C
:1033A800002070470020024023016745044B5A69FA
:1033B80042F000425A615869C043C00F704700BFCD
:1033C8000020024070B50646FFF756FE0F4C054632
:1033D8002369DA030BD423694CF2FA3213400DD077
:1033E8000B494A681A434A600120236170BDFFF700
:1033F80043FE401BB042EBD90320F7E72369DB0704
:1034080044BF012323610020F0E700BF00200240F1
:10341800140000202DE9F843254D99462B78012BFF
:1034280004460F46904641D001234FF47A702B7022
:10343800FFF7C8FF064630BB68601E48026812F4F2
:10344800806217BF03682A7723F4806303601CBF78
:1034580002232B77E4B9436943F001034361C7F8BA
:103468000080BFF36F8F0124C7F804904FF47A707F
:10347800FFF7A8FF064624B10E4A536923EA04035E
:10348800536100F03DF800232B703046BDE8F88307
:10349800631E012B08D841463846FFF75FFFA31E7D
:1034A8005C425C41A404E1E70024DFE70226ECE784
:1034B8001400002000200240064B10F0010F1EBF30
:1034C8005A6942F004025A615A6942F480325A61D8
:1034D800704700BF00200240084B5A69C00022F420
:1034E800FC7200F4FF60104358615A6942F002020E
:1034F8005A615A6942F480325A617047002002408A
:103508001548037FDAB203F0FD03012B10D1134BEA
:10351800196821F400711960196841F40061196093
:10352800196821F400611960196841F40071196083
:10353800931E012B0CD8094B1A6842F480521A606A
:103548001A6822F480521A601A6842F480621A607B
:1035580000230377704700BF1400002000200240BA
:103568002DE9F843314D2B78012B064688465AD071
:1035780001274FF47A702F70FFF724FF044610BB21
:103588002B4B68601A6812F4007F1A6820D0510526
:1035980006D51A6822F480621A6003232B7700E0AC
:1035A8002F773368012B1DD17068FFF785FF4FF423
:1035B8007A70FFF707FF1E4A536923F00403044695
:1035C8005361FFF79DFF00232B702046BDE8F88369
:1035D800520505D51A6822F480621A600223DDE7D5
:1035E8002877DEE74FF0FF33C8F80030B768DFF818
:1035F8004090D6E902321344BB42E2D9716838469A
:10360800FFF76AFF4FF47A70FFF7DCFED9F8143041
:1036180023F4FD73C9F8143018B1C8F800700446D3
:10362800CFE70137E5E70224CFE700BF1400002009
:1036380000200240044A5169014208B502D0506195
:1036480003F056FC08BD00BF0004014010B590F817
:103658009022012A04460AD0012280F890220173A0
:10366800006803F036F9002084F8900210BD0220AB
:10367800FCE700002DE9F84F0446006803F02FF935
:1036880010F4004500F04684BE4D4FF0280820682D
:10369800B0F844301A0469D5B0F844E01FFA8EF146
:1036A8000EF00F061EF0080E60D1002E40F0B1801B
:1036B80011F0100125D103889BB22B4043F400433D
:1036C8000380227CB0F8503000EBC20212FA83F378
:1036D800626AB3F80234C3F309031A44E36262620C
:1036E800204604F05FFC237B002BD0D0A26A002A7E
:1036F800CDD1237B216843F08003A1F84C3022739D
:10370800C5E70688B3B216F4006644D094F8502191
:10371800B0F8503000EBC20212FA83F3B3F8063463
:10372800C3F30903082BC4F86C3121D0038823F4B0
:10373800804323F070031B041B0C48F2800283F4BF
:10374800805313430380038823F4E04323F04003AA
:103758001B041B0C83F010031A430280038823F018
:1037680070031B051B0D43F080030380BDE8F88F31
:10377800B4F8562104F5267103F049FA2268138833
:1037880023F070031B051B0D43F0800313802046B4
:1037980004F0F9FB7BE71A047FF579AF038823F07F
:1037A80070031B051B0D43F08003038094F8502120
:1037B800B0F8503000EBC20212FA83F3B3F80634C3
:1037C800C3F30903C4F86C3173B9038823F4804345
:1037D80023F070031B041B0C83F4405343F4004391
:1037E80043F08003038052E7D4F8641100293FF4C2
:1037F8004EAFB4F8562103F00AFAD4F86431D4F87D
:103808006C211344C4F864313146204604F0C1FBEE
:103818003DE730F826309FB21B0440F1EE8030F8C7
:10382800263023F070031B051B0D43F0800320F89E
:10383800263008FB064191F85C3191F85021ABB96C
:10384800B0F85030D20012FA83F30344B3F8069468
:10385800C9F30909B9F1000F00F0B980B1F8562190
:103868004B46D1F8641103F0D2F9B0E091F8533126
:10387800022B40F0898017F4804AD1F868314FEA6A
:10388800C20B07F0400C3ED0B0F850901BFA89F9F3
:103898008144B9F80294C9F30909994512D9C1F8C4
:1038A80068E130F8223023F4804323F070031B04CE
:1038B8001B0C83F4005343F4004343F0800320F8C7
:1038C800223005E0A3EB0903C1F86831002BE8D0EA
:1038D800BCF1000F0DD030F8223023F4E04323F080
:1038E80070031B041B0C43F4004343F0C00320F88F
:1038F8002230B9F1000F6AD0282101FB0641B1F846
:1039080058214B46ADE7B0F850E01BFA8EFE8644CE
:10391800BEF80694C9F30909994512D9C1F868A1F6
:1039280030F8223023F4804323F070031B041B0C6F
:1039380083F4005343F4004343F0800320F822301B
:1039480005E0A3EB0903C1F86831002BE8D0BCF10E
:10395800000F0DD130F8223023F4E04323F0700338
:103968001B041B0C43F4004343F0C00320F822302F
:10397800B9F1000F2BD0282101FB0641B1F85A21DB
:103988004B466EE70F8FFFFF30F8223023F4E043F9
:1039980023F070031B041B0C43F4004343F0C003E3
:1039A80020F8223091F8502130F8223013F4804F5B
:1039B800B0F850304FEAC20212FA83F303444FD0F2
:1039C800B3F80294C9F30909B9F1000F97D108FBBC
:1039D80006F16318D3F86C214A44C3F86C21D3F874
:1039E80068211AB1D3F86021914541D208FB0643FA
:1039F800204693F8501104F0CCFA39067FF547AE0B
:103A0800206830F826309BB22B4043F4004308FB73
:103A180006FC20F8263004EB0C03DA7C012A58D186
:103A280006FB08820021A1501A7FC2B317F0400795
:103A38005A7C3BD042BB197CB0F8502000F20240BF
:103A480010FA82F030F83130C3F3090320F831302E
:103A580030F831309BB243F4004320F831301EE097
:103A6800B3F80694C9F30909B9F1000FAFD085E797
:103A7800D3F8642120684A4401F5A871C3F8642189
:103A8800214402F03FFFB8E7012A08D1B0F85020DE
:103A98001B7C00F2024010FA82F222F8331008FB75
:103AA8000646317C204604F07DFAF0E52AB9B0F8E4
:103AB8005020197C00F20640C2E7012AEFD1B0F885
:103AC80050201B7C00F2064010FA82F222F8337074
:103AD800E5E7197C9A6A17F4807E4FEAC1091BD181
:103AE800B0F8506019FA86F60644B6F80264C6F3D0
:103AF8000906964202D3C3F828E0D3E7921B9A62DC
:103B08005A6A32445A62DA6A0CF110013244DA62B3
:103B1800214402F0F7FEBAE517F0400AB0F850C0A9
:103B280007F4804700F00E8100F2024E19FA8CFC6F
:103B3800BFB23EF80CC0CCF3090C944534BFA2EBDD
:103B48000C0200229A62002A6ED1282303FB064346
:103B58005B7C002B57D1B0F850201EFA82F232F865
:103B68003130C3F3090322F8313032F831306FEACB
:103B780043436FEA53439BB222F83130B0F85020E8
:103B880000F2064313FA82F232F83130C3F3090324
:103B980022F8313032F831306FEA43436FEA534349
:103BA8009BB222F83130282303FB0643DB7C022B2F
:103BB8000FD130F8213023F4E04323F040031B04F5
:103BC8001B0C83F0200343F4004343F0800320F8E8
:103BD8002130204604F0E6F9002F3FF458AD2823A1
:103BE80003FB06432268197C32F8213023F4E043B2
:103BF80023F070031B041B0C43F4404343F0800381
:103C080022F8213043E5012BCDD1B0F850301EFA0F
:103C180083F300F2064C23F83120B0F850301CFA38
:103C280083F323F83120BEE76FB130F8212022F466
:103C3800E04222F070021204120C42F4404242F0B8
:103C4800800220F821204FF0280909FB064999F83D
:103C58003420012A4ED1D9F8242002EB0C07C9F8E8
:103C68002470DA6A6244DA62D9F83030D9F8202050
:103C780093421DD39B1AC9F83030282303FB06430F
:103C880093F811C093B2BCF1000F51D1B0F850C0F5
:103C98001EFA8CFC3CF831E0CEF3090E2CF831E02A
:103CA80092B93CF831206FEA42426FEA524217E07B
:103CB8001BB989F834306246DFE7002289F83420DE
:103CC800C9F830201A46D8E73E2A25D83CF831E012
:103CD80002F001091FFA8EFE09EB52024EEA822217
:103CE80092B22CF83120282202FB0642128B394668
:103CF80002F0F9FD282303FB06462268317C32F8DE
:103D0800213023F4E04323F040031B041B0C83F011
:103D1800300343F4004371E74FEA521ED2063CF8E1
:103D2800312008BF0EF1FF3E92B242EA8E22BAE776
:103D3800BCF1010F02BFB0F850201EFA82F222F83F
:103D48003130D0E700F2064E19FA8CFCBFB23EF8CB
:103D58000CC0CCF3090C944594BFA2EB0C0252465C
:103D68009A62002A5BD1282303FB06435B7C002B65
:103D780044D1B0F8502000F2024313FA82F232F82C
:103D88003130C3F3090322F8313032F831306FEAA9
:103D980043436FEA53439BB222F83130B0F85020C6
:103DA8001EFA82F232F83130C3F3090322F83130B7
:103DB80032F831306FEA43436FEA53439BB222F83B
:103DC8003130282303FB0643DB7C022B0FD130F86C
:103DD800213023F4E04323F040031B041B0C83F041
:103DE800200343F4004343F0800320F821302046A9
:103DF80004F0D8F8002F7FF44AACF0E6012BE0D1AC
:103E0800B0F8503000F2024C1CFA83F323F831204A
:103E1800B0F850301EFA83F323F83120D1E76FB998
:103E280030F8212022F4E04222F070021204120C31
:103E380042F4404242F0800220F821204FF0280945
:103E480009FB064999F83420012A7FF453AFD9F8C1
:103E5800242002EB0C07C9F82470DA6A6244DA629B
:103E6800D9F83030D9F8202093421DD39B1AC9F8CD
:103E78003030282303FB064393F811C093B2BCF1FA
:103E8800000F3DD1B0F850C01EFA8CFC3CF831E070
:103E9800CEF3090E2CF831E092B93CF831206FEAE4
:103EA80042426FEA524217E01BB989F83430624641
:103EB800DFE70022C9F8302089F834201A46D8E70D
:103EC8003E2A11D83CF831E002F001091FFA8EFEB3
:103ED80009EB52024EEA822292B22CF831202822B3
:103EE80002FB0642528B02E74FEA521ED2063CF80A
:103EF800312008BF0EF1FF3E92B242EA8E22CEE791
:103F0800BCF1010F02BFB0F850201EFA82F222F86D
:103F18003130E4E7430511D52268B2F8443023F480
:103F280080631B041B0C2046A2F8443004F046F8BA
:103F380029462046BDE8F84FFFF788BB470409D556
:103F48002268B2F8443023F480431B041B0CA2F807
:103F580044300BE410F4005105D02268B2F8443024
:103F680023F40053F1E7C60422D52268B2F84030A2
:103F780023F004031B041B0CA2F84030B2F84030B5
:103F880023F008031B041B0CA2F8403094F8C83235
:103F9800012B04D184F8C812204600F031F92046DC
:103FA80004F02AF82268B2F8443023F48053CCE7AE
:103FB80005051BD52268B2F840309BB243F00803D0
:103FC800A2F84030B2F8443023F400631B041B0C01
:103FD800A2F84430B2F840309BB243F00403A2F890
:103FE8004030204603F0F8FFFFF7C0BB01062AD592
:103FF8002368B3F8442022F080021204120CA3F8BC
:10400800442094F8C822002AEBD1B3F8402092B299
:1040180042F00402A3F84020B3F8402092B242F0E4
:1040280008020121A3F8402084F8C812B3F85430DC
:10403800C3F38D0303F03C03C4F8CC322046BDE83B
:10404800F84F00F0DDB882050DD52268B2F844308B
:1040580023F400731B041B0CA2F84430204603F021
:10406800A9FFFFF783BBC3057FF580AB2268B2F8D1
:10407800443023F4807368E770B50546282401F0BE
:10408800070011F0800F00FB04F414BF04F11001C5
:1040980004F5A87105EB040615BF4919491901244F
:1040A800002414BF747486F85141022BCB70C2F3FC
:1040B8000A0204BF00230B7108700A6195F8903258
:1040C800012B09D00123286885F8903202F0DAF92B
:1040D800002085F8900270BD0220FCE770B501F061
:1040E800070128244C430519002685F8501185F846
:1040F800516104F5A8710144C5E95923C5F86C61FB
:10410800006802F0FFFB304670BD70B501F0070192
:1041180028254D434419C4E909230122217484F850
:1041280034200026627405F1100101442363E6621D
:10413800006802F0E7FB304670BD10B5037901F066
:1041480007029342044624D311F0800F4FF028034E
:1041580016D0534303F1100103440144012058745D
:1041680001238B700A7094F890229A4213D0206829
:1041780084F8903202F046FB002084F8900210BDCB
:104188004B4303F5A87103440144002083F851010F
:10419800E6E70120F3E70220F1E738B5027901F0FC
:1041A8000F039A42044627D301F00702282311F08F
:1041B800800F02FB03F314BF03F1100103F5A8718C
:1041C800184415BF09190919012300234FF00005E8
:1041D80014BF437480F851318D700A7094F890328E
:1041E800012B0BD00123206884F8903202F02AFBBF
:1041F80084F89052284638BD0120FCE70220FAE7EF
:1042080070470000284B1A6818BB02F4C062B2F568
:10421800806FD3F8802022F48072C3F8802040D1C8
:104228001A6822F4C06242F400721A601F4A1268C7
:1042380032214A431E49B2FBF1F20132596949055C
:1042480000D522B95B6958052BD503207047013A80
:10425800F4E7B0F5007F1FD102F4C062B2F5806FB9
:10426800D3F8802042F48072C3F8802019D11A68EC
:1042780022F4C06242F400721A600C4A12683221B9
:104288004A430B49B2FBF1F2013259694905D9D5C4
:10429800002AD7D0013AF8E722F4C06242F48062DB
:1042A8001A600020704700BF0070004074000020B2
:1042B80040420F00024A936843F48043936070477A
:1042C800007000402DE9F341044618B9012002B0FE
:1042D800BDE8F0810368D90714D423689A0758D435
:1042E8002368190700F1A18023685A0700F1C880E4
:1042F80023689A0600F12F81E369002B40F05C8166
:104308000020E4E79F4DAB68EA6803F00C030C2B30
:104318000AD102F00303032B08D12B689B03DCD5D9
:104328006368002BD9D1D1E7082BF5E76368B3F5AB
:10433800803F10D12B6843F480332B60FEF79CFE3E
:1043480006462B689F03C8D4FEF796FE801B642898
:10435800F7D90320BBE7B3F5A02F04D12B6843F4AA
:1043680080232B60E6E72A6822F480322A602A68D4
:1043780022F480222A60002BE0D1FEF77DFE06465B
:104388002B689903A9D5FEF777FE801B6428F7D917
:10439800DFE77C4DAB68EA6803F00C030C2B17D100
:1043A80002F00303022B15D12B685A0502D5E368E6
:1043B800002B8BD06B68226923F0FE4343EA02632B
:1043C8006B60714B1868FEF715FE002888D07DE7F2
:1043D800042BE8E7E368BBB12B6843F480732B60D8
:1043E800FEF74AFE06462B685B0507D56B6822690F
:1043F80023F0FE4343EA02636B6071E7FEF73CFE7D
:10440800801B0228EFD9A4E72B6823F480732B6064
:10441800FEF732FE06462B685F057FF561AFFEF7B3
:104428002BFE801B0228F6D993E76369554D9BB193
:10443800D5F8943043F00103C5F89430FEF71CFE1C
:104448000646D5F894309B073FF54EAFFEF714FEAD
:10445800801B0228F5D97CE7D5F8943023F00103B6
:10446800C5F89430FEF708FE0646D5F894309F0745
:104478007FF53AAFFEF700FE801B0228F5D968E702
:10448800404DAB6DD80027D4AB6D43F08053AB657E
:10449800AB6D03F080530193019B01273B4E3368BA
:1044A800D9051BD5A368012B29D1D5F8903043F045
:1044B8000103C5F89030FEF7DFFD41F28838064663
:1044C800D5F890309B0740D5002F3FF411AFAB6D66
:1044D80023F08053AB650BE70027DFE7336843F42D
:1044E80080733360FEF7C8FD80463368DA05D9D497
:1044F800FEF7C2FDA0EB08000228F6D929E7052B34
:1045080006D1D5F8903043F00403C5F89030CCE7D5
:10451800D5F8902022F00102C5F89020D5F8902017
:1045280022F00402C5F89020002BC4D1FEF7A4FDA8
:1045380041F288380646D5F890309907C4D5FEF779
:104548009BFD801B4045F6D903E7FEF795FD801BD0
:104558004045B5D9FDE6A3690A4DCBB1D5F89830E9
:1045680043F00103C5F89830FEF786FD0646D5F8F6
:1045780098309B073FF5C0AEFEF77EFD801B0228F2
:10458800F5D9E6E600100240100000200070004057
:10459800D5F8983023F00103C5F89830FEF76CFD84
:1045A8000646D5F898309F077FF5A6AEFEF764FD5E
:1045B800801B0228F5D9CCE6454DAA6802F00C020A
:1045C8000C2A51D0022B2B6823F080732B603AD130
:1045D800FEF752FD06462B6899012ED4EA683D4B3A
:1045E8001340226A1343A26A43EA0223E26A43EAB7
:1045F800C263626A013A43EA0213226B5208013A23
:1046080043EA4253626B5208013A43EA4263EB6061
:104618002B6843F080732B60EB6843F08073EB608A
:10462800FEF72AFD04462B689A013FF569AEFEF7AE
:1046380023FD001B0228F6D98BE6FEF71DFD801B23
:104648000228C8D985E6FEF717FD04462B689B01AA
:1046580004D4EA68204B1340EB6051E6FEF70CFDEA
:10466800001B0228F2D974E6012B3FF42FAEEB6849
:10467800226A03F0030191427FF428AE616A03F0D5
:10468800F0020139B2EB011F7FF420AEA16A03F4F6
:10469800FE42B2EB012F7FF419AEE16A03F07842D3
:1046A800B2EBC16F7FF412AE226B520803F4C00163
:1046B800013AB1EB425F7FF409AE626B5208013AEE
:1046C80003F0C063B3EB426F14BF01200020FEE586
:1046D800001002400C809F01FCFFEEFE174B9A6809
:1046E80002F00C02042A23D09A6802F00C02082A6D
:1046F80020D09A6802F00C020C2A1DD1D968DA6819
:10470800D868DB6801F00301C3F341630329C2F3EE
:104718000312C0F3062003F101030CBF084909493D
:104728005B000132B1FBF2F25043B0FBF3F070478B
:104738000448704702487047002070470010024044
:1047480000366E010024F4002DE9F8430E460546B4
:1047580010B90120BDE8F8836D4A136803F00F0310
:104768008B4245D3296811F001084CD12A6891077A
:1047780040F1A780674B12F0040F1EBF996841F4FF
:10478800E0619960120741BF9A6822F47C5242F4B2
:10479800E0629A609A68A96822F0F0020A439A6077
:1047A8005B4C236803F00F03B34200F293802A683E
:1047B800584C12F0040F40F0A380130706D5A368E5
:1047C8002A6923F4605343EAC203A360FFF786FF14
:1047D800A368514AC3F30313D35C03F01F03D84003
:1047E8004E4B18604E4B1868BDE8F843FEF702BC04
:1047F800136823F00F030B431360136803F00F03D0
:104808008B42A6D1AEE76F68424C032F236849D18B
:104818009B019ED5E368E26803F00303032BE3687A
:104828000CBF40484048C2F30312C3F306230132C9
:10483800B0FBF2F25343E268C2F341620132520024
:10484800B3FBF2F3394A93421AD84FF00008A36831
:1048580023F003033B43A360FEF70EFC41F28839C3
:104868000746A3686A6803F00C03B3EB820F3FF4B2
:104878007DAFFEF701FCC01B4845F2D9032069E76C
:10488800A36813F0F00F04D08807DED5AB68002BBF
:10489800DBD1A36823F0F00343F08003A3604FF05B
:1048A8008008D4E7022F09D113F4003F3FF451AF39
:1048B800FFF714FF1D4B9842C7D9EAE713F4806F3E
:1048C800F4E7B8F1800F01BF124A936823F0F003B0
:1048D800936065E7236823F00F0333432360FEF7F3
:1048E800CBFB41F288380746236803F00F03B34235
:1048F8003FF45DAFFEF7C0FBC01B4045F4D9BDE7F0
:10490800A368E96823F4E0630B43A36055E700BF9D
:10491800002002400010024098A000087400002007
:104928001000002000366E010024F40000B4C40416
:10493800054B064A9B68C3F30223D35C044A1068FC
:1049480003F01F03D84070470010024090A00008F1
:1049580074000020054B064A9B68C3F3C223D35C4E
:10496800044A106803F01F03D84070470010024043
:1049780090A00008740000200F2303600B4B9A6876
:1049880002F0030242609A6802F0F00282609A68BC
:1049980002F4E062C2609B68DB0803F4E063036131
:1049A800034B1B6803F00F030B60704700100240B5
:1049B800002002402DE9F3410446006810F400206D
:1049C80056D0984DAB6DD80044D4AB6D43F08053AE
:1049D800AB65AB6D03F080530193019B0126924FA9
:1049E8003B6843F480733B60FEF746FB80463B68B8
:1049F800D90531D5D5F8903013F4407320D0226C06
:104A08009A421DD0D5F89020D5F8903043F48033E1
:104A1800C5F89030D5F8903022F4407123F48033F3
:104A2800D207C5F89030C5F8901009D5FEF724FBD9
:104A380041F288380746D5F890309B0740F1EB8063
:104A4800D5F89030226C23F440731343C5F89030A6
:104A5800002008E00026C2E7FEF70EFBA0EB0800E6
:104A68000228C4D903201EB1AB6D23F08053AB6577
:104A78002368DE0708D56B496568D1F8882022F0DD
:104A880003022A43C1F888209D0708D56549A5680F
:104A9800D1F8882022F00C022A43C1F8882059074F
:104AA80008D56049E568D1F8882022F030022A4309
:104AB800C1F888201A0708D55A492569D1F88820ED
:104AC80022F0C0022A43C1F888209F0608D555491C
:104AD8006569D1F8882022F440622A43C1F8882009
:104AE8005E0608D54F49A569D1F8882022F44052BE
:104AF8002A43C1F888201D0608D54A49E569D1F836
:104B0800882022F440422A43C1F88820D90508D5D4
:104B18004449256AD1F8882022F440322A43C1F852
:104B280088209A0508D53F49656AD1F8882022F47B
:104B380040222A43C1F888205F050FD53949A56A64
:104B4800D1F8882022F440122A43C1F88820B5F50C
:104B5800801F02BFCA6842F48012CA601E050FD5C2
:104B68003049E56AD1F8882022F440022A43C1F886
:104B78008820B5F5800F02BFCA6842F48012CA6067
:104B8800DD040FD52749256BD1F8882022F0407223
:104B98002A43C1F88820B5F1807F02BFCA6842F471
:104BA8008012CA6099040FD51E49656BD1F8882018
:104BB80022F040622A43C1F88820B5F1006F02BF95
:104BC800CA6842F48012CA605A040FD51549A56B09
:104BD800D1F8882022F040622A43C1F88820B5F134
:104BE800006F02BFCA6842F48012CA601B040FD566
:104BF8000C4AE16BD2F8883023F040530B43B1F1F3
:104C0800805FC2F8883003D1D36843F48033D3601F
:104C180002B0BDE8F081FEF72FFAC01B40457FF6D1
:104C28000AAF1FE70010024000700040104B9A6B5B
:104C380042F480729A639A6B22F480729A63D0E984
:104C48000032134382681343C2681343026943EA7C
:104C58000243084A53601368416923F4FE4343EA58
:104C680001231360136843F060031360704700BFAB
:104C78000010024000200040704770B5044600282C
:104C880067D0436A002B5DD14268B2F5827F00D0BD
:104C9800C3610023A36294F85D3003F0FF0223B9D7
:104CA80084F85C202046FFF7E7FF2268E0680223CB
:104CB80084F85D301368B0F5E06F23F040031360AB
:104CC8004FF0000342D91D46B0F5706F18BFA362BC
:104CD800A6686368A16906F4044603F48273334343
:104CE800266906F002063343666906F00106334377
:104CF80001F400763343E66906F038063343266A42
:104D080006F080063343A66A06F400563343136060
:104D1800666B636A06F0080603F0100300F470601F
:104D28003343090C034301F004010B432B43536045
:104D3800D36923F40063D36100200123206684F83B
:104D48005D3070BD0023C0E90433A2E74FF48055FD
:104D5800BCE70120F5E7704710B5044680B102684A
:104D6800022380F85D30136823F040031360FFF7D7
:104D7800F2FF0020206684F85C0084F85D0010BD16
:104D88000120FCE790F83D30012B27D10223144A7B
:104D980080F83D300368934212D0B3F1804F0FD0B2
:104DA800A2F5943293420BD002F58062934207D069
:104DB80002F59632934203D002F54062934207D13E
:104DC8009968084A0A40062A06D0B2F5803F03D0FF
:104DD8001A6842F001021A600020704701207047EB
:104DE800002C01400700010090F83C20012A0346EE
:104DF8004FF0020009D01A6883F83D005161002085
:104E0800012283F83D2083F83C00704770477047C3
:104E1800036870B5DD681E69B20704460ED5A90798
:104E28000CD56FF002021A61012202779B699A077A
:104E380000F0A48001F024FB00232377730711D529
:104E480068070FD523686FF004021A6102222277DF
:104E58009B6913F4407F204600F0968001F010FB18
:104E680000232377310710D52A070ED523686FF062
:104E780008021A6104222277DB699B07204600F0AA
:104E8800898001F0FDFA00232377F10610D5EA06A0
:104E98000ED523686FF010021A6108222277DB69A9
:104EA80013F4407F20467BD001F0EAFA00232377F1
:104EB800F30708D5E80706D523686FF001021A61E1
:104EC800204601F0BAFA16F4025F08D0290606D582
:104ED80023686FF402521A61204600F06CFAF2055A
:104EE80008D52B0606D523686FF480721A61204610
:104EF80000F062FA700608D5690606D523686FF0D7
:104F080040021A612046FFF782FFB20608D5AB06B9
:104F180006D523686FF020021A61204600F04AFA8D
:104F2800F00208D5E90206D523686FF480121A61E9
:104F3800204600F042FAB20208D5AB0206D5236833
:104F48006FF400121A61204600F038FA700208D592
:104F5800690206D523686FF480021A61204600F0C2
:104F68002EFA320222D52B0220D523686FF40002D4
:104F780020461A61BDE8704000F022BA01F07EFABE
:104F88002046FFF743FF57E701F078FA2046FFF77E
:104F98003DFF65E701F072FA2046FFF737FF72E739
:104FA80001F06CFA2046FFF731FF7FE770BD000083
:104FB800254A036890420ED0B0F1804F0BD0A2F57D
:104FC8009432904207D002F58062904203D002F5F5
:104FD8009632904208D14A6823F070031343CA6896
:104FE80023F4407313430AE0184A9042F7D002F5BD
:104FF80080629042F3D002F580629042EFD04A6915
:1050080023F0800313438A68C2620A6882620E4AE8
:1050180090420FD002F5006290420BD002F5406238
:10502800904207D002F58062904203D002F5806278
:10503800904201D10A690263026842F004020260E8
:105048000122426103607047002C0140004001408A
:1050580010B5044650B390F83D3003F0FF021BB979
:1050680080F83C2002F0E4FA0223206884F83D30FE
:10507800211DFFF79DFF012384F84830002084F8A4
:105088003E3084F83F3084F8403084F8413084F86A
:10509800423084F8433084F8443084F8453084F84A
:1050A800463084F8473084F83D3010BD0120FCE7D5
:1050B800036A10B501F01F0101248C4023EA0403A0
:1050C8000362036A8A401A43026210BD082908B5C0
:1050D80018D005D859B1042911D090F8433008E008
:1050E8000C2912D01029F8D190F8423001E090F83C
:1050F8003E30013B18BF012353B1012045E090F831
:105108003F30F6E790F84030F3E790F84130F0E7A9
:1051180008294FF002033CD006D861B1042935D0E4
:10512800022380F8433008E00C2935D01029F7D144
:1051380080F8423001E080F83E3000680122FFF735
:10514800B7FF214B98420FD003F5006398420BD06C
:1051580003F54063984207D003F58063984203D073
:1051680003F5806398421AD1436C43F400434364C7
:10517800154B984203D003F5006398421ED182680C
:10518800124B1340062B1BD1002008BD80F83F307E
:10519800D3E780F84030D0E780F84130CDE7B0F170
:1051A800804FECD00A4B9842E9D003F580639842CF
:1051B800E5D0036843F001030360E5E7054BF6E734
:1051C800B3F5803FF5D1DFE7002C0140070001006F
:1051D8000004004000400140FFF778BF082908B5E7
:1051E800034629D005D859B104291FD093F84300A4
:1051F8002AE00C2926D01029F8D190F8420023E0A3
:1052080090F83E0093F84420C0B20128D2B262D18F
:10521800012A4FD108294FF0020251D018D8F1B114
:10522800042948D0022283F8432050E090F83F0038
:1052380093F84520C0B2E8E790F8400093F846207C
:10524800C0B2E2E790F8410093F84720C0B2DCE72B
:105258000C293AD01029E5D183F8422037E083F8A9
:105268003E2083F8442018680122FFF721FF1B4BDA
:10527800984212D0B0F1804F0FD0A3F594339842E2
:105288000BD003F58063984207D003F59633984214
:1052980003D003F54063984207D18268104B13404E
:1052A800062B06D0B3F5803F03D0036843F0010313
:1052B8000360002008BD83F83F2083F84520D2E72B
:1052C80083F8402083F84620CDE783F84120022266
:1052D80083F84720C7E70120ECE700BF002C014016
:1052E80007000100036A10B501F00F0104248C4087
:1052F80023EA04030362036A8A401A43026210BD68
:1053080008B529B990F84430012B1DD0012049E097
:10531800042907D190F84530012BF7D1022380F8F2
:10532800453014E0082907D190F84630012BEDD11B
:10533800022380F846300AE090F84730012BE5D187
:10534800022380F8473002E0022380F844300068E6
:105358000422FFF7C7FF436C43F400434364124B36
:10536800984212D0B0F1804F0FD0A3F594339842F1
:105378000BD003F58063984207D003F59633984223
:1053880003D003F54063984207D18268074B134066
:10539800062B06D0B3F5803F03D0036843F0010322
:1053A8000360002008BD00BF002C01400700010079
:1053B800FFF7A6BF70477047704770477047704740
:1053C8007047000010B5026852E8003F23F490735C
:1053D80042E8003102680029F5D10F4C02F10803B8
:1053E80053E8003F234002F1080C4CE80031002943
:1053F800F4D1C36E012B07D152E8003F23F010030C
:1054080042E800310029F7D12023C0F88C3000236E
:10541800C366436710BD00BFFEFFFFEF08B5806A93
:1054280002F07CF908BD70470368D9691A682DE94C
:10543800F04140F60F0631429D68044610D18E06B1
:1054480040F1978002F0200605F080573E4300F0B7
:105458009080436F002B00F08580BDE8F04118472D
:10546800A84EA9482E401040304300F08280CF0754
:1054780009D5D00507D501201862D4F8900040F06E
:105488000100C4F890008F0709D5E80707D5022066
:105498001862D4F8900040F00400C4F890004F0758
:1054A80009D5E80707D504201862D4F8900040F021
:1054B8000200C4F890000F070BD502F0200030431B
:1054C80007D008201862D4F8900040F00800C4F80B
:1054D80090000E050AD5500108D54FF400601862F7
:1054E800D4F8903043F02003C4F89030D4F89030CA
:1054F800002B37D08B0609D502F0200205F0805525
:105508002A4303D0636F0BB1204698472668D4F826
:105518009020B36802F0280203F0400353EA020522
:10552800204621D0FFF74EFFB3685F0617D52268E3
:1055380002F1080353E8003F23F04003083242E831
:1055480000310029F3D1D4F8800040B16F4B836358
:10555800FDF7C8FE30B1D4F88000836B7DE72046A4
:1055680002F0DCF8BDE8F08102F0D8F8C4F89050F9
:10557800F8E7E06E012840F08D80CE0640F18A8081
:10558800D00640F1878010221A629968B4F85C202E
:10559800490651D5D4F880100868416889B20029B5
:1055A80042D0914240D2A4F85E10026892062FD4ED
:1055B80053E8002F22F4807243E800210029F7D134
:1055C80003F1080252E8002F22F0010203F108005B
:1055D80040E800210029F3D103F1080252E8002F26
:1055E80022F0400203F1080040E800210029F3D12D
:1055F8002022C4F88C20E16653E8002F22F0100224
:1056080043E800210029F7D1D4F88000FDF734FEE3
:1056180002232367B4F85E30B4F85C10C91A89B263
:105628002046FFF700FF9DE791429BD103689B0648
:1056380098D502232367F3E7B4F85E10B4F85E0048
:1056480080B289B200288DD0521A91B2002989D02F
:1056580053E8002F22F4907243E800200028F7D185
:105668002B4D03F1080252E8002F2A4003F10806E7
:1056780046E800200028F4D12022C4F88C20606776
:10568800E06653E8002F22F0100243E800200028CB
:10569800F7D1CEE7CF0209D56E0207D54FF48012B5
:1056A80020461A62BDE8F04102F09CB808060BD506
:1056B80002F0800005F40005284305D0A36F002BF5
:1056C8003FF450AF2046C8E64F0611D556060FD511
:1056D80053E8002F22F0400243E800210029F7D1C7
:1056E8002023C4F88830A167204602F013F839E770
:1056F8000D020FD550000DD52046BDE8F04100F051
:105708002CBB00BF01000010200100042554000834
:10571800FEFFFFEFCB017FF525AF002ABFF622AFD2
:105728002046BDE8F04100F017BB00BFD0F88C2040
:10573800222A08B5036857D15B6AB0F86010826DF9
:105748000B401370836D01338365B0F85E30013B05
:105758009BB2A0F85E30B0F85E309BB2002B42D10D
:10576800026852E8003F23F4907342E8003103686E
:105778000029F5D103F1080252E8002F22F00102B6
:1057880003F1080C4CE800210029F3D12022C0F8CD
:105798008C20184A41679342016705D1C26E012ADD
:1057A8000ED001F0B3FF1EE05A681102F6D553E897
:1057B800002F22F0806243E800210029F7D1EDE7AD
:1057C8000022C26653E8002F22F0100243E80021AD
:1057D8000029F7D1DA69B0F85C10D20644BF10226C
:1057E8001A62FFF720FE08BD9A6942F008029A6122
:1057F800F9E700BF00800040D0F88C20222A08B5C5
:10580800036854D1596AB0F860201140826D22F8BB
:10581800021B8265B0F85E20013A92B2A0F85E20C1
:10582800B0F85E2092B2002A40D153E8002F22F44B
:10583800907243E800210029F7D103F1080252E8E9
:10584800002F22F0010203F1080C4CE80021002986
:10585800F3D12022C0F88C20174A41679342016790
:1058680005D1C26E012A0ED001F050FF1EE05A6821
:105878001102F6D553E8002F22F0806243E8002198
:105888000029F7D1EDE70022C26653E8002F22F085
:10589800100243E800210029F7D1DA69B0F85C105A
:1058A800D20644BF10221A62FFF7BDFD08BD9A69EF
:1058B80042F008029A61F9E70080004003682DE988
:1058C800F047DD69D3F800809E68D0F88C20222A42
:1058D800044640F0B780B0F86830002B00F08D80A7
:1058E800B0F860704FF0000906F001064FF0040AA6
:1058F800AB0640F182802368A26D5B6A3B4013705F
:10590800A36D0133A365B4F85E30013B9BB2A4F8E4
:105918005E302368DD6968072AD0E9070AD518F4DC
:10592800807F07D001221A62D4F8902042F0010249
:10593800C4F89020AA0708D53EB102221A62D4F80A
:10594800902042F00402C4F89020680708D53EB1C0
:10595800C3F820A0D4F8903043F00203C4F8903084
:10596800D4F8903023B1204601F0D8FEC4F89090C6
:10597800B4F85E309BB2002BBAD1226852E8003FDF
:1059880023F4807342E8003123680029F5D13048B8
:1059980003F1080252E8002F024003F1080545E828
:1059A80000210029F4D12022C4F88C20294A6167FB
:1059B800934221670AD05A68110207D553E8002F8D
:1059C80022F0806243E800210029F7D1E26E012A23
:1059D80034D10022E26653E8002F22F0100243E897
:1059E80000210029F7D1DA69B4F85C10D20644BF67
:1059F80010221A622046FFF716FDB4F85E309BB2FB
:105A0800D3B1B4F868209A4216D9226802F1080383
:105A180053E8003F23F08053083242E800312268FF
:105A28000029F2D10C4B636752E8003F43F0200392
:105A380042E800310029F7D1BDE8F087204601F09F
:105A480065FEDAE79A6942F008029A61F4E700BF56
:105A5800FEFFFFEF008000403557000803682DE97E
:105A6800F047DD69D3F800809E68D0F88C20222AA0
:105A7800044640F0B480B0F86830002B00F08A800B
:105A8800B0F860704FF0000906F001064FF0040A04
:105A9800AB067FD52368A26D596A394022F8021BEC
:105AA800A265B4F85E20013A92B2A4F85E20DD69DE
:105AB80068072AD0E9070AD518F4807F07D00122A1
:105AC8001A62D4F8902042F00102C4F89020AA0784
:105AD80008D53EB102221A62D4F8902042F004029E
:105AE800C4F89020680708D53EB1C3F820A0D4F8C0
:105AF800903043F00203C4F89030D4F8903023B1CA
:105B0800204601F00BFEC4F89090B4F85E309BB2CA
:105B1800002BBDD1226852E8003F23F4807342E88D
:105B2800003123680029F5D12F4803F1080252E813
:105B3800002F024003F1080545E800210029F4D1AF
:105B48002022C4F88C20294A6167934221670AD031
:105B58005A68110207D553E8002F22F0806243E803
:105B680000210029F7D1E26E012A34D10022E26631
:105B780053E8002F22F0100243E800210029F7D152
:105B8800DA69B4F85C10D20644BF10221A622046C3
:105B9800FFF749FCB4F85E309BB2D3B1B4F8682083
:105BA8009A4216D9226802F1080353E8003F23F00D
:105BB8008053083242E8003122680029F2D10C4BA8
:105BC800636752E8003F43F0200342E800310029B0
:105BD800F7D1BDE8F087204601F098FDDAE79A6929
:105BE80042F008029A61F4E7FEFFFFEF00800040F0
:105BF80001580008D0F88820D0F88C00104370476E
:105C080030B581658168A0F85C200023B1F5805F1C
:105C1800A0F85E20436731D10369002B40F2FF13DF
:105C280018BFFF23A0F860300023C0F8903022236B
:105C3800C0F88C30016801F1080353E8003F43F0D5
:105C48000103083141E800340368002CF2D1456EA5
:105C580084680169B5F1005F35D1B0F868509542A4
:105C680031D8B4F5805F29D1C1B1264A426753E8DB
:105C7800002F42F4807243E8002121E029B903692A
:105C8800002B0CBFFF237F23CCE7B1F1805FC9D184
:105C98000369002B0CBF7F233F23C3E71A4A4267DF
:105CA80003F1080252E8002F42F0805203F1080085
:105CB80040E800210029F3D1002030BD114A426795
:105CC8000029D4D1ECE7B4F5805F16D151B10F4A61
:105CD800426753E8002F42F4907243E800210029FC
:105CE800F7D1E9E70A4A426753E8002F42F0200259
:105CF80043E800210029F7D1DEE7044A426700297A
:105D0800E7D1F1E7C5580008655A0008355700087B
:105D18000158000838B5D0F88C30202B16D1B9B10D
:105D2800B2B100230468C3660A4B9C420AD0636878
:105D38001B0207D554E8003F43F0806344E8003570
:105D4800002DF7D1FFF75CFF002038BD0220FCE7EB
:105D58000120FAE70080004070477047836810B55B
:105D680004462BB10322014698470023C4E90233B5
:105D780010BD836810B5044613B103220146984745
:105D8800204610BD4B1E032B00D9FEE78900081FD3
:105D9800704700000139435C13F0100004D0032958
:105DA80016D80C4A32F81100DB0712D503290FD890
:105DB800DFE801F00205080B40F00100704740F0F1
:105DC8001000704740F48070704740F4805070476E
:105DD800FEE7704748A000080139032903D8DFE827
:105DE80001F0031C354EFEE7022AC36D06D16FF0A1
:105DF80002021A61D868C0F34000704722B9DA6815
:105E080022F00202DA60F5E7012A03D1DA6842F0EB
:105E18000202F7E7032AF9D0ECE7022AC36D06D19C
:105E28006FF004021A61D868C0F38000704722B985
:105E3800DA6822F00402DA60F5E7012A03D1DA68A9
:105E480042F00402F7E7032AF9D0ECE7022AC36D0F
:105E580006D16FF008021A61D868C0F3C000704715
:105E680022B9DA6822F00802DA60F5E7012A03D1DC
:105E7800DA6842F00802F7E7032AF9D0ECE7022AC9
:105E8800C36D06D16FF010021A61D868C0F3001014
:105E9800704722B9DA6822F01002DA60F5E7012AC1
:105EA80003D1DA6842F01002F7E7032AF9D0ECE7E9
:105EB8000139032900D9FEE7014B585C704700BF40
:105EC80044A000082DE9F04104460E4604EB0618EC
:105ED80008F16808FFF756FFD8F80830054623B1DF
:105EE800032231462046FFF777FF771E04EB47036E
:105EF8009B880B2B58D8DFE803F04D1818180606B6
:105F080018184646462AE35DDE0604D5294604F1FC
:105F18001000FFF74DFAE35DD80745D5294604F18F
:105F28001000BDE8F041FFF757B9E35DD90604D585
:105F3800294604F11000FFF7E3F9E35DDA0733D5EA
:105F4800294604F11000BDE8F041FFF7BFB8294623
:105F580004F11000FFF742F931462046FFF7A8FF89
:105F6800E66D014605462046FFF714FF336A1843DD
:105F7800D8F808303062BBB1294620460322BDE874
:105F8800F041FFF729BF294604F11000BDE8F041B0
:105F9800FFF724B9E36D1B68DB0705D404F1100093
:105FA800BDE8F041FEF7EEBEBDE8F08170B5012511
:105FB8000446861C2A4636F8023F23B12946204665
:105FC800FFF780FF00220135052DF4D1236F23B19F
:105FD800E16DCB6843F00103CB604AB1E36D1B6808
:105FE800DB0705D404F11000BDE87040FEF7CABE17
:105FF80070BDF8B504460E461546C06D01F086FA28
:106008002A463146FDF750F8E06D01F0C7FA074619
:10601800E06D01F07BFA874206D0E06D01F0BEFA30
:106028002A463146FDF740F8C4E91865F8BD012154
:106038001030FEF7D9BEC36D186800F00100704734
:1060480010B502460C46FFF7F6FF80B9CB68DB07B0
:106058000ED5CB6823F00103CB601046FFF7E7FFAE
:106068006FF001032361E36843F00103E36010BDAF
:10607800BDE810401046FFF7DABF00001F4A904203
:10608800034627D0B0F1804F26D0A2F59432904233
:1060980024D002F58062904222D002F5006290423C
:1060A80020D002F5806290421ED002F590329042D4
:1060B8001CD002F5406290421AD04FF6FF70104A89
:1060C800934217D00F4A934216D04FF6FF73984267
:1060D80013D1FEE70020F2E70120F3E70220F4E7FE
:1060E800032070470420704705207047062070473A
:1060F800072070470820704709207047002C01408E
:106108000044014000480140C16D70B5044608468E
:10611800FFF7B4FF0546084601F092F9084A002344
:1061280042F8253004F16806E36004F1B805B54289
:1061380004D0103D2846FFF71CFEF8E7204670BD46
:10614800700A0020F8B504460846FFF797FFE26D8D
:106158000D4602B1FEE71C49E56504F10C0341F860
:1061680020300E23C4E91832E460284601F0C2F852
:1061780004F1680604F1B80730461036FFF7EEFD63
:10618800BE42F9D10023C4E900334FF6FF72C4E9D7
:106198000C33C4E90E33C4E91033C4E90632C4E948
:1061A8000833A36084F82C30A36484F84C3084F856
:1061B8004D30636180232561A36204F11000BDE8BE
:1061C800F840FEF745BF00BF700A002010B586B042
:1061D80014220446002101A802F076FC0023694637
:1061E80001A80093FEF7C8FBE06D01F049FA012809
:1061F80002D002280FD0FEE7049CFEF799FBB4F505
:10620800C06F05D00BD824F48074B4F5806F00D12A
:10621800400006B010BD059CFEF79CFBEFE7B4F507
:10622800E06FF4E7012A38B505460C460AD0022A81
:1062380015D004B1013CE96D2846CC62BDE8384070
:10624800FFF7FEBEFFF7C2FF074BB0FBF3F0444376
:10625800EA6D230C93620133B4FBF3F4E9E7FFF72B
:10626800B5FFB0FBF4F4F3E740420F0010B5074C5C
:10627800206810B10430FEF7CBFD206A20B1BDE8DC
:1062880010400430FEF7C4BD10BD00BF700A0020E6
:10629800034B186810B10430FEF7BABD704700BF51
:1062A800700A0020034B586810B10430FEF7B0BDE7
:1062B800704700BF700A0020034B986810B1043083
:1062C800FEF7A6BD704700BF700A0020034BD868D0
:1062D80010B10430FEF79CBD704700BF700A002063
:1062E800034B186910B10430FEF792BD704700BF28
:1062F800700A0020034B586910B10430FEF788BDBE
:10630800704700BF700A0020034B986910B1043031
:10631800FEF77EBD704700BF700A0020FFF7F4BF8C
:10632800034BD86910B10430FEF772BD704700BF47
:10633800700A0020034B586A10B10430FEF768BD9C
:10634800704700BF700A00200022C0E90022C0E99F
:1063580002227047F8B504460E4600F1680500F1C0
:10636800B80728461035FFF7EFFFBD42F9D10023E3
:106378002046E3653146FFF7E5FE2046F8BD38B50F
:106388000023C0E90033C0E902338B6804460D4698
:106398002BB102229847EB68E360AB68A360204604
:1063A80038BD30B587B002AD04462846FFF7E7FF91
:1063B80095E80300CDE9000194E8030085E80300AF
:1063C800DDE90001049BA268A360059B049284E8B0
:1063D8000300E268E36028460592FFF7CAFC07B0AD
:1063E80030BD38B5036F04460D4668301BB1BDE8B3
:1063F8003840FFF7D6BFFFF7D4FFAB683BB1E36D7A
:106408006FF001021A61DA6842F00102DA6038BD01
:10641800826810B50AB902F0D1FCBDE81040C36823
:10642800184708B500B9FEE700F062FF0068036F7F
:1064380013B16830FFF7ECFF08BDFFF7F2BF10B5E6
:1064480000B9FEE7037F013B072B10D8DFE803F014
:1064580004140F100F0F0F12012400F049FF24013C
:1064680000686834204483680BB1FFF7D1FF10BD82
:106478000324F2E70424F0E70224EEE7FFF7DFBF86
:10648800FFF7DDBFF0B50A78CE7830F8224024F463
:10649800EC4424F0700424040346240C032E03D88F
:1064A800DFE806F0464E4C4A012048F2800C44EAE8
:1064B8000C0423F8224033F82240CF4FA4B23C40CA
:1064C80014434CEA040423F822400C7B03EBC20576
:1064D800002C40F09080CC8891F801C064086400DA
:1064E800BCF1000F2FD0B3F8501015FA81F1A1F8C4
:1064F800004433F82210490609D533F8221089B22E
:10650800394041F4004141F0C00123F8221033F82A
:106518002210BA4C89B2012E01EA040101D081F09F
:10652800200141F4004141F0800123F822104FE09E
:1065380044F400743046B8E744F4C0640020B4E77B
:1065480044F48064FAE7B3F8506015FA86F6A6F8C2
:106558000444B3F8504015FA84F4B4F80654C5F36B
:106568000905A4F806540D6935B9B4F806146FEA9C
:1065780041416FEA51410AE03E2D2AD8B4F8061489
:1065880005F0010689B206EB550541EA852189B275
:10659800A4F8061433F8221049040DD533F8221054
:1065A80021F4E04121F070010904090C41F4404153
:1065B80041F0800123F82210914CAAB91A8892B2AE
:1065C800224082F4405242F4004242F080021A8093
:1065D800F0BDB4F806146E09ED0608BF06F1FF36E3
:1065E80089B241EA8621C2E733F8221089B22140F4
:1065F80081F4005195E7022E33F8224054D1A4B219
:106608003C4044F4014444F0800423F82240B3F8A9
:1066180050700C8915FA87F764086400A7F80044DD
:10662800B3F850704C8915FA87F764086400A7F826
:1066380004444C78002C40F0A28033F822406704D0
:106648000DD533F8224024F4E04424F070042404E7
:10665800240C44F4404444F0800423F8224033F8E6
:10666800224066060DD533F8224024F4E04424F095
:1066780070042404240C44F4004444F0C00423F8B7
:106688002240B3F85060096915FA86F6B6F8024454
:10669800C4F30904A6F8024489B9B6F802446FEABB
:1066A80044446FEA544415E024F4E24424F07004AE
:1066B8002404240C4CEA040C23F822C0A7E73E2942
:1066C8001DD8B6F8024401F00107A4B207EB510740
:1066D80044EA8724A4B2A6F80244B3F8504015FA55
:1066E80084F4B4F80654C5F30905A4F8065491B91E
:1066F800B4F806146FEA41416FEA514116E0CC063E
:10670800B6F802444FEA511708BF07F1FF37A4B2A1
:1067180044EA8724C3E73E2926D8B4F8065401F092
:106728000106ADB206EB510145EA812189B2A4F810
:10673800061433F8221021F4804121F07001090475
:10674800090C48F2800481F44051214323F82210B7
:1067580033F8221021F4E04121F040010904090C2A
:106768000C4323F8224033E74D09CE06B4F806144B
:1067780008BF05F1FF3589B241EA8521BAE733F848
:1067880022104C040DD533F8221021F4E04121F0F9
:1067980070010904090C41F4404141F0800123F8DB
:1067A800221033F8221049060DD533F8221021F4AF
:1067B800E04121F070010904090C41F4004141F065
:1067C800C00123F8221033F822100C4C89B2214062
:1067D800012E18BF81F0200141F4004141F08001F1
:1067E80023F8221033F8221021F4804121F070019F
:1067F8000904090C95E600BF8F8FFFFFBF8FFFFFCD
:106808008FBFFFFF4B780A788BB130F8223023F422
:10681800E04323F040031B041B0C83F0100343F4F4
:10682800004343F0800320F822300020704730F8FE
:10683800223023F4804323F070031B041B0C83F4E1
:106848008053ECE74B780A7833B330F822305B0694
:106858000DD530F8223023F4E04323F070031B04F5
:106868001B0C43F4004343F0C00320F82230CB78DC
:10687800012B0FD030F8223023F4E04323F04003FB
:106888001B041B0C83F0200343F4004343F08003F4
:1068980020F822300020704730F822305B040DD5F4
:1068A80030F8223023F4E04323F070031B041B0C60
:1068B80043F4404343F0800320F8223030F822307C
:1068C80023F4804323F070031B041B0C83F4405310
:1068D800DAE711B98023A0F84C3000207047B0F8EF
:1068E800440080B2704702F58062013310445B08AF
:1068F80001EB4303401A8B4200D170470A880A52C1
:106908000231F8E72DE9F0474B780A7B012B054661
:106918000C4640F02181D1F810A08F69496957458C
:1069280028BF57460ABBBFB2E2883B46FFF7DBFFEA
:10693800B5F85020237805F2024111FA82F222F8C4
:106948003370227835F8223023F4E04323F04003F3
:106958001B041B0C83F0300343F4004343F0800313
:1069680025F822300020BDE8F087E378266A94F8FD
:1069780000C0022B40F0D980B24530F82C2080F0BE
:10698800BD8022F4E04222F070021204120C42F49C
:10699800014242F0800220F82C2030F82C80B0F818
:1069A8005020F61B18F04008266201EB0709BBB21D
:1069B80054D000F2064E1EFA82F222F83C30628968
:1069C800FFF791FFB2456278C4F8149036BFF31B05
:1069D80000233E462362B3B2A2BBB5F8501020781C
:1069E80005F2024212FA81F131F83020C2F30902AD
:1069F80021F8302036B931F830206FEA42426FEA88
:106A080052420AE03E2E11D831F8302006F0010734
:106A180092B207EB560642EA862292B221F830205B
:106A2800228949462846FFF75EFF8AE7F20631F8D1
:106A380030204FEA561708BF07F1FF3792B242EAF3
:106A48008722DAE7012AEBD1B5F8502005F2024196
:106A580011FA82F2217822F83130E1E700F2024E91
:106A68001EFA82F222F83C302289FFF73CFFB24539
:106A78006278C4F8149036BFF31B43463E4623623F
:106A8800B3B27ABBB5F85010207805F2064212FA74
:106A980081F131F83020C2F3090221F8302036B9EB
:106AA80031F830206FEA42426FEA52420AE03E2E45
:106AB8000DD831F8302006F0010792B207EB5606E0
:106AC80042EA862292B221F830206289A9E731F899
:106AD80030207709F60608BF07F1FF3792B242EA7D
:106AE8008722DFE7012AF0D1B5F85020217805F296
:106AF800064010FA82F222F83130E6E722F4E24248
:106B080022F070021204120C42F4004242F0800299
:106B180020F82C20B0F8502000F2024313FA82F239
:106B2800B3B222F83C3022897DE730F82C20F61BDE
:106B380012F0400F2662B0F85020BBB207D000F226
:106B4800064616FA82F222F83C3062896BE700F2B8
:106B5800024616FA82F2E4E7A2BB8A69097892B97A
:106B6800E37883B930F8213023F4E04323F070034D
:106B78001B041B0C43F4014343F0800320F821302D
:106B88000023A36112E035F8213023F4E24323F017
:106B980070031B041B0C43F4004343F0800325F8E7
:106BA800213023699A42EBD9D21AA261227835F8AA
:106BB800223023F4804323F070031B041B0C83F45E
:106BC8004053C9E6CB78022B1DD1CB69002BEDD001
:106BD8000A7830F8221001F04003490410D5002B40
:106BE800E4D035F8223023F4E04323F070031B048B
:106BF8001B0C43F4004343F0C00325F82230D5E7CB
:106C0800002BD3D1EDE7012BBAD00120ABE602F57A
:106C18008062F0B510445D080C462E46471A3A19B2
:106C2800023436B9DB0744BF30F8153001F81530A7
:106C3800F0BD128892B204F8022C120A04F8012C52
:106C4800013EECE701F082BE01F088BE88B006285C
:106C58005BD8DFE800F004121E2A36424E002C4BA7
:106C6800DA6C42F00102DA64DB6C03F00103019391
:106C7800019B4FF0904008B07047254B2548DA6CCF
:106C880042F00202DA64DB6C03F002030293029B17
:106C9800F1E71F4B2048DA6C42F00402DA64DB6C3F
:106CA80003F004030393039BE5E7194B1B48DA6CD5
:106CB80042F00802DA64DB6C03F008030493049BD7
:106CC800D9E7134B1648DA6C42F01002DA64DB6C31
:106CD80003F010030593059BCDE70D4B1148DA6CC3
:106CE80042F02002DA64DB6C03F020030693069B73
:106CF800C1E7074B0C48DA6C42F04002DA64DB6CFF
:106D080003F040030793079BB5E70020B3E700BFF4
:106D1800001002400004004800080048000C004829
:106D280000100048001400480018004808B507493A
:106D380000F071FAC0F3C430012802D0022802D052
:106D4800FEE7002008BD1020FCE700BF5CA4000897
:106D58000368104A93420DD10F4BDA6A42F480322D
:106D6800DA62DA6A22F48032DA62DA6C22F4803289
:106D7800DA647047094A9342FBD1074BDA6A42F456
:106D88008022DA62DA6A22F48022DA62DA6C22F489
:106D98008022EDE70008005000100240001000506B
:106DA80010B5094986B0044600F024FA019048B1AC
:106DB8002046FFF7BBFF014601A8FCF74CFA01A8E3
:106DC800FCF73BFA06B010BD5CA40008F8B51349FF
:106DD800134F064600F00EFAFFF750F957F8203027
:106DE800054673B9B820FFF72DFF0C490446304615
:106DF80000F000FA01462046FFF7ACFA57F82530B4
:106E08001C601C6844B12046FFF77EF92046B82173
:106E1800BDE8F840FFF718BFF8BD00BFE0A10008C3
:106E2800700A0020FCF728B9704708B5FCF718F974
:106E3800FCF79DF9FFF7F8FF08BD70470F4B9A6DF7
:106E480042F0805284B09A659A6D02F080520192A5
:106E5800019A1A6E42F001021A661A6E02F00102D5
:106E68000292029A9A6C42F480529A649B6C03F4E0
:106E780080530393039B04B0704700BF0010024087
:106E88000C4BD3F8FC20D2015EBFD3F8FC2042F0B3
:106E98008072C3F8FC20084B00225A601A6842F03E
:106EA80001021A6000BF00BF00BF5868B0FA80F046
:106EB8004009704700ED00E0001000E008B5FFF75A
:106EC800BDFFFDF7F7F9FFF7DBFFFCF7B9F8FFF7B0
:106ED800B4FF01F000FCBDE808400148FCF74CB9DC
:106EE800500000200023C0E90033C0E90233704796
:106EF8000023012803F101020AD11422DBB2534313
:106F0800054A181D1044816829B11A4413691847A5
:106F180040081346EDE77047980A00200120FCF767
:106F280089BB0220FCF786BB0420FCF783BB082042
:106F3800FCF780BB1020FCF77DBB08B52020FCF7D0
:106F480079FB4020FCF776FB8020FCF773FB4FF4BD
:106F58008070FCF76FFBBDE808404FF40070FCF749
:106F680069BB38B506244FF48065A8B2FCF762FB0C
:106F7800013C4FEA4505F8D138BD0000344A1046B7
:106F880008B5062300F8043BFFF7ACFF072302F11E
:106F980018001375FFF7A6FF082302F12C0082F8EA
:106FA8002830FFF79FFF092302F1400082F83C30A8
:106FB800FFF798FF0A2302F1540082F85030172196
:106FC800FFF790FF02F1680082F86410FFF78AFF6C
:106FD80002F17C0082F87810FFF784FF02F190003C
:106FE80082F88C10FFF77EFF02F1A40082F8A0104F
:106FF800FFF778FF02F1B80082F8B4102821FFF7F4
:1070080071FF02F1CC0082F8C810FFF76BFF02F1A4
:10701800E00082F8DC10FFF765FF02F1F40082F867
:10702800F010FFF75FFF02F5847082F80411FFF794
:1070380059FF02F58E7082F81811FFF753FFBDE86B
:10704800084002F5987082F82C11FFF74BBF00BF7B
:10705800980A002038B5054CA4F5A075143C201DED
:10706800FEF787FEAC42F9D138BD00BFD80B00202F
:10707800431C04D00C3151F80C3C5A1C01D100209F
:107088007047834201F10C01F5D1012070470000DF
:10709800F8B5441C07460D4600D1FEE700F00F0284
:1070A800474BC0F3031053F82240FFF7CFFD94FA83
:1070B800A4F2B2FA82F2034603218068520001FA70
:1070C80002F294FAA4F1B1FA81F120EA020049002F
:1070D80003228A40024305F007069A60032E03D86C
:1070E800DFE806F0696B3603FEE7032294FAA4F1A1
:1070F800B1FA81F118684900032707FA01F120EA7B
:10710800010094FAA4F1B1FA81F149008A40013EE4
:107118000243012E1A6005D85A6829074CBF22433A
:10712800A2435A6094FAA4F2B2FA82F2D96894FAA5
:10713800A4F452000320B4FA84F4C5F3011500FA4C
:1071480002F2640021EA0202A5401543DD60F8BDA1
:10715800C5F306217F2901D10222C7E7380716D5D2
:10716800220A92FAA2F0B0FA80F05F6A92FAA2F2CA
:1071780080004FF00F0CB2FA82F20CFA00F0920085
:1071880027EA000001FA02F202435A62E4E794FA9D
:10719800A4F2B2FA82F2186A92000F2707FA02F2F2
:1071A80020EA020094FAA4F2B2FA82F29200914024
:1071B80001431962D0E7002298E7012296E700BF51
:1071C80050A00008431C06D17047834202D1896849
:1071D800FFF75EBF0C310B685A1CF6D1FEE70B684F
:1071E8005A1C01D100207047834201D1486870477A
:1071F8000C31F4E7431C01D0FFF7F1BF00207047C2
:1072080003460868421C00D17047984201D188683B
:1072180070470C31F5E7431C01D0FFF7F1BF704709
:1072280003468B42084604D01BB100290CBF184600
:10723800002070470E4AD2F8883043F47003C2F831
:1072480088300C4B196841F4A061196001219960DC
:107258004FF4A06119604FF48051D9600021996101
:1072680040F23B7119624FF000639360704700BFB2
:1072780000ED00E0001002401848836803F00C039A
:10728800082B10B5164C0ED00C2B0ED0042B01D1A8
:10729800144B23608368144AC3F30313D25C236836
:1072A800D340236010BD114BF3E7C268C36802F0F6
:1072B8000302022AC3F303130CBF0A4A0B4A013321
:1072C800B2FBF3F3C268C168C2F306225343C1F3A9
:1072D800416201325200B3FBF2F3DAE700100240D8
:1072E800740000200024F40098A0000800366E0105
:1072F80004387047484B98428AB01AD103F5644362
:107308001A6E42F400621A661B6E03F4006300935F
:10731800009B424B984219D103F5FE339A6D42F017
:1073280020029A659B6D03F020030593059B0AB024
:107338007047B0F1804F18D1394B9A6D42F0010275
:107348009A659B6D03F001030193019B354B9842AD
:1073580019D103F55C431A6E42F400521A661B6E8B
:1073680003F400530693069BE1E72F4B984219D18B
:1073780003F503339A6D42F002029A659B6D03F0A0
:1073880002030293029B294B984219D103F55043FB
:107398001A6E42F480321A661B6E03F48033079328
:1073A800079BC4E7224B984219D103F502339A6D23
:1073B80042F004029A659B6D03F004030393039B58
:1073C8001C4B984219D103F54C431A6E42F4003213
:1073D8001A661B6E03F400330893089BA7E7164B45
:1073E800984296D103F500339A6D42F010029A65DF
:1073F8009B6D03F010030493049B104B984296D1A5
:1074080003F548431A6E42F480221A661B6E03F491
:1074180080230993099B8AE7002C0140001400404F
:1074280000100240003401400004004000400140C8
:10743800000800400044014000100040004801409E
:10744800284B98420DD1284A136E23F40063136623
:10745800264B98420DD1244A936D23F0200393655F
:107468007047B0F1804F0DD11F4A936D23F001038F
:1074780093651F4B98420DD11B4A136E23F400539A
:10748800136670471B4B98420CD1174A936D23F033
:1074980002039365184B98420CD1134A136E23F4D8
:1074A8008033EDE7154B98420CD10F4A936D23F0CA
:1074B80004039365124B98420CD10B4A136E23F4C4
:1074C8000033DDE70F4B9842C2D1074A936D23F092
:1074D800100393650C4B9842D3D1034A136E23F4DF
:1074E8008023CDE7002C014000100240001400402A
:1074F8000034014000040040004001400008004002
:10750800004401400010004000480140431C2AD0BC
:107518001E4B98422AD010D8A3F54063984227D032
:1075280007D8B0F1804F25D0A3F58063984223D0C7
:10753800FEE7174B984221D0FAE7164B98421FD026
:1075480008D8A3F5A05398421ED003F500639842CB
:1075580018D0EDE7104B984216D003F58063984297
:10756800E6D11A2070476FF00D007047372070473A
:107578001E2070471C2070471D207047362070471A
:10758800182070472C2070471920704700140040BD
:10759800001000400040014000440140431C2AD034
:1075A8001F4B98422AD014D8A3F59233984227D07B
:1075B80007D8B0F1804F25D0A3F58063984223D037
:1075C800FEE7184B984221D003F5806398421FD0FC
:1075D800F6E7154B98421DD008D8A3F5805398427A
:1075E8001AD003F54063984218D0E9E70F4B984248
:1075F800E6D11A2070476FF00D0070471B207047C6
:107608001E2070471C2070471D2070473620704789
:1076180037207047192070472E2070471820704770
:10762800002C014000100040004401400048014087
:1076380038B504460068FFF75DFEFFF767FFD4E939
:107648001412FBF731FD2068FFF760FFFBF75EFDC2
:1076580022681046FFF7A2FF05461046FFF756FFBF
:1076680085420BD02846D4E91412FBF71DFD20688B
:10767800FFF794FFBDE83840FBF748BD38BD000070
:10768800431C24D0144B98421FD00ED8A3F5923334
:1076980098421ED020F4806003D8B0F1804F18D0F3
:1076A800FEE70E4B984214D0FAE70D4B98420CD0E7
:1076B80008D8A3F58053984207D003F54063984251
:1076C80003D0EDE7074B9842EAD10220704700202B
:1076D80070470120704700BF002C01400010004097
:1076E800004401400048014008B5074B90F8B1201C
:1076F80053F82200FEF77EFA00F02200A0F12203E0
:107708005842584108BD00BFD80B0020D0F894302B
:1077180004381847D0F898300438184710B504468C
:1077280050F80439DA69D1070CD501221A62FFF73B
:10773800DBFFB0B904F1AE0120460122BDE81040DC
:10774800FEF7E8BADA69920701D50222EEE7DA69AC
:10775800510701D50422E9E7DA691207E7D50822BB
:10776800E4E710BD08B52520FBF7F2FC024B1868CA
:10777800BDE80840FDF758BED80B002008B5262004
:10778800FBF7E6FC034B586818B1BDE80840FDF765
:107798004BBE08BDD80B002008B52720FBF7D8FC46
:1077A800034B986818B1BDE80840FDF73DBE08BD19
:1077B800D80B002008B53420FBF7CAFC024BD86868
:1077C800BDE80840FDF730BED80B002008B55B20A7
:1077D800FBF7BEFC024B1869BDE80840FDF724BE64
:1077E800D80B0020012200F1AE01FEF793BA000089
:1077F8000A490346086810B50344EFF30882934228
:1078080005D9074B0C221A604FF0FF3010BD054A0E
:10781800054C121B9342F4D20B60F7E77800002066
:10782800AC1000200080002000040000FEE70000EB
:10783800024B16221A604FF0FF307047AC10002040
:1078480001207047D0F8B8320BB11B6818471846AA
:10785800704708B5D0F8B8325B689847002818BF59
:10786800032008BD38B5044600F2AA25284600F0D2
:107878004CFB012394F8AA12C4F89432B4F8B0323D
:10788800C4F8983201F01F03012B08D0022B0CD04A
:107898008BB929462046BDE8384000F003B929468F
:1078A8002046BDE8384000F061BA29462046BDE8C8
:1078B800384000F08ABA204601F08001BDE838401F
:1078C80000F0D0BB70B50446164609BBD0F8943218
:1078D800032B0CD1D0E9573293420AD99B1A9A420A
:1078E800C0F85C3128BF1A46314600F02EFB002054
:1078F80070BD90F89C32032B06D1D0F8B8321B69C2
:1079080013B1C0F8D4129847204600F026FBEEE7E2
:1079180090F89C32032BEAD1D0F8B8329B69002B3F
:10792800E5D00022BDE87040C0F8D422184770B5F1
:10793800044616460D4600293DD1D0F89432022B54
:107948000ED1D0E90732934212D99A1AC261314650
:1079580000F0F3FA2B462A462946204600F0B0FBF1
:1079680094F8A03213B1002384F8A032002070BD2F
:107978000CD18269934209D8D0F898329A4205D23C
:107988000A4600F0DAFAC4F89852E3E794F89C3211
:10799800032B08D1D4F8B832DB6823B10022C4F82D
:1079A800D422204698478021204600F05BFB2046E1
:1079B80000F0DEFAD4E790F89C32032BD6D1D0F849
:1079C800B8325B69002BD1D00022BDE87040C0F806
:1079D800D4221847F8B5012380F89C32D0F8B83281
:1079E80000210446C0F894124160C0F8A41280F83F
:1079F800A012B3B9002600224025114601274023D2
:107A0800204600F025FBA4F86471C4F860512B46A9
:107A180000228021204600F01BFBA7842562304607
:107A2800F8BD5B68002BE5D098470028E2D0032614
:107A3800E1E701740020704790F89C32042B1EBFC8
:107A480090F89C32DBB280F89D32042380F89C3297
:107A58000020704790F89C32042B02BF90F89D32AA
:107A6800DBB280F89C320020704708B590F89C2261
:107A7800032A05D1D0F8B83213B1DB6903B19847AE
:107A8800002008BD002070470020704710B58021F5
:107A9800044600F0E7FA20460021BDE8104000F057
:107AA800E1BA000073B50B7803F06003202B04469D
:107AB8000D4609D0402B07D093B12046FFF7E6FFCB
:107AC8000025284602B070BDD4F8D432AE3329461A
:107AD80054F823309B68204602B0BDE87040184730
:107AE8004B78092BE9D801A252F823F0137D00083E
:107AF800577D0008C37A00083B7D0008C37A000858
:107B08000D7C00081D7B0008C37A0008E77C00088C
:107B18004F7C000849880023ADF806300B0A013B6A
:107B2800062BCAD801A252F823F000BF517B0008E7
:107B3800837B00089D7B0008C37A0008C37A00088D
:107B4800DF7B0008F57B0008D0F8B4321B68207C86
:107B58000DF106019847EA88002A00F0A380BDF8D5
:107B68000630002BA9D09A4228BF1A46ADF8062045
:107B78000146204600F0D4F9A2E7027CD0F8B832DA
:107B880032B99B6A0DF10600984702234370E2E779
:107B9800DB6AF7E7C9B2D0F8B432052912D8DFE8B2
:107BA80001F00307090B0D0F5B68002BCFD184E7A9
:107BB8009B68FAE7DB68F8E71B69F6E75B69F4E7B7
:107BC8009B69F2E7DB69002B3FF477AF0DF1060202
:107BD800007C9847BFE7037C002B7FF46EAFD0F89A
:107BE800B8320DF106005B6B9847B4E7037C002BB5
:107BF8007FF463AFD0F8B8320DF106001B6B9847DD
:107C08000723C3E78B88002B7FF457AFCB88002B63
:107C18007FF453AF4D887F2D3FF64FAF90F89C32DD
:107C2800032B3FF44AAFEDB280F89E52294600F08C
:107C380039FA204600F091F91DB1022384F89C32EC
:107C48003EE70123FAE78978474D0129297003D9CE
:107C5800FFF71CFF032534E790F89C32022BDEB2B5
:107C680008D0032E17D0FFF711FF29782046FFF719
:107C7800F0FDEFE7B1B101214160FFF7E3FD0546F3
:107C8800204625B1FFF702FF84F89C6219E700F04F
:107C980064F90323D2E749B9022380F89C32416092
:107CA800FFF7D7FD204600F058F909E74168012998
:107CB800F8D0C9B2FFF7CDFD297861602046FFF7FB
:107CC800C1FD05460028EDD02046FFF7DFFE2179EB
:107CD8002046FFF7BEFD022384F89C32F1E6CA88ED
:107CE800012A7FF4EAAE90F89C120229CBB207D899
:107CF800002B3FF4E2AE0146002341F8083F38E785
:107D0800032B7FF4DAAE011D33E790F89C32013B78
:107D1800022B3FF6D2AECA88022A7FF4CEAED0F844
:107D2800A4320146002B0CBF0123032341F80C3F6A
:107D38001FE74B88012B02D1C4F8A432B2E7022B0B
:107D48007FF4BBAE8B881B0A80F8A032AAE790F8B4
:107D58009C32013B022B3FF6B0AE4B88012B7FF4DF
:107D6800AFAE0023E8E700BFEC0B002070B50B783E
:107D780003F060025B0604460E4601D5402A1FD177
:107D880094F89C32013B022B1AD8317902292046FB
:107D980017D8FFF777FE88B9D4F8B8329B686BB16B
:107DA800C4F8D4023146204698470546F3881BB9E3
:107DB80015B9204600F0D1F8284670BD0325F5E72F
:107DC8002046FFF763FE0025F6E770B50B788A8832
:107DD8000D7903F06003202B04460E4657D0402B44
:107DE80055D01BB12046FFF751FE3CE04B78012BE4
:107DF8003BD0032B24D0002BF4D190F89C32022BDB
:107E0800D9B260D00329EDD105F00F0312F0800F2D
:107E18004FF0140202FB030364D09B8C002BE1D0CB
:107E280005F07F03142603FB0666802D064465D003
:107E38002946204600F024F9002864D001235EE09A
:107E480090F89C32022BDAB233D0032ACAD14B887D
:107E580033B9690604D0F38813B9294600F002F94A
:107E6800204600F07AF8002070BD90F89C32022B72
:107E7800DAB21ED0032AB5D14B88002BF3D16B069A
:107E880002D0294600F0F5F8204600F066F82946A9
:107E98002046FFF7F9FD0028E5D1D4F8B832C4F838
:107EA800D4029B68002BDED031462046BDE87040E6
:107EB80018476A0696D0294600F0D4F88021204653
:107EC80000F0D0F8CFE769068CD113064CBF00F15B
:107ED800140100F5AA7100230B600222204600F06D
:107EE8001FF8C0E7B3F86431002B3FF47BAF1426CA
:107EF80006FB050606F5AA76002D99D10023336006
:107F080002223146EAE73060FAE70B7803704B78D3
:107F180043704B8843808B888380CB88C3807047AD
:107F280010B513460222C0E90633C0F894220A4667
:107F3800002100F0BEF8002010BD08B513460A461F
:107F4800002100F0B6F8002008BD08B513460A461F
:107F5800002100F0B5F8002008BD08B50422002370
:107F6800C0F8942219461A4600F0A3F8002008BD6C
:107F780008B505220023C0F8942219461A4600F0D5
:107F88009FF8002008BD00F52671D0F8D802FFF749
:107F980069BC282303FB0103D0F8D802D3F8642175
:107FA800FFF790BC282303FB0103D0F8D8025A6AD4
:107FB800FFF7BDBCD0F8D802FFF757BD10B504468F
:107FC800D0F8D802FFF706FDD4F8D8020121BDE8A1
:107FD8001040FFF72EBD000010B50446D0F8D802B7
:107FE800FFF72AFD637A23B1024A136943F00603B7
:107FF800136110BD00ED00E010B5437A044633B1BB
:1080080000F065F8054A136923F006031361D4F8F4
:10801800D802BDE81040FFF71DBD00BF00ED00E02D
:108028000148FBF727BB00BFF00B0020FFF7F8BFA4
:10803800054B5B7A33B1054A136923F006031361D4
:1080480000F045B8704700BFF00B002000ED00E0DD
:1080580010B51446D0F8C8021A462346FCF70CF8A7
:10806800002010BD08B5D0F8C802FCF766F800205B
:1080780008BD08B5D0F8C802FCF78FF8002008BD85
:1080880011F0800FD0F8C8324FF028021BBF01F062
:108098007F0102FB013302FB0133987C08BF93F890
:1080A8005201704708B5D0F8C802FBF7CFFA002094
:1080B80008BD08B5D0F8C802FCF727F8002008BDAD
:1080C80008B5D0F8C802FCF709F8002008BD08B5C3
:1080D800FEF7B4FEBDE8084000F0FDBA70477047EF
:1080E8007047043000F088BA93B204300A4600F0B2
:1080F800C3BA10B584210446FEF7A6FD204610BD7C
:1081080007B50B68C26F9A4206D1D0F880304A682A
:10811800534033F07F4312D00B68C3678B88A0F8B5
:1081280080308B7980F882304B798A790092003BD5
:108138000A79096818BF0123043000F029F903B04F
:108148005DF804FB07B5CDE900126946FFF7D8FFD3
:1081580003B05DF804FB00002DE9F0411C46484BD4
:108168000360484BC3670D464FF480730021A0F8A5
:108178008030164680F88210074668220430DDF801
:10818800188000F0A1FCF3B2192B28D83E4A52F807
:10819800233006F4E0661E43EBB2192BFE6632D894
:1081A800394A52F8233005F4E0651D43E3B2192B30
:1081B8003D673CD8344A52F8233004F4E0641C4349
:1081C8005FFA88F2192A7C6745D82F4951F822208E
:1081D80008F4E0631343BB673846BDE8F08106F056
:1081E800C002C02A0CD1CA2B0AD8284B06F03F027D
:1081F80006F4E06653F82220234B53F82230CAE7EE
:108208004FF0FF36C8E705F0C002C02A0CD1CA2BD0
:108218000AD81E4B05F03F0205F4E06553F822200A
:10822800194B53F82230C0E74FF0FF35BEE704F092
:10823800C002C02A0CD1CA2B0AD8144B04F03F0242
:1082480004F4E06453F822200F4B53F82230B6E7C9
:108258004FF0FF34B4E708F0C003C02B0CD1CA2A92
:108268000AD80A4B08F03F0253F82210064A08F4CD
:10827800E06352F82120ADE74FF0FF33ABE700BFD2
:10828800B0A0000800093D00ACA4000880A40008C4
:1082980007B5084B009300224FF480738DF8061041
:1082A80080F861206946ADF80430FFF729FF03B074
:1082B8005DF804FB00093D000021FFF7E9BF07B5A1
:1082C800002A8DF807100DF107014FF001030CBFCC
:1082D8000A460022043000F0CFF99DF8070003B0E9
:1082E8005DF804FB13B590F88130ADF8061004462C
:1082F80013B149BAADF80610002A0DF106014FF086
:1083080002030CBF0A460022201D00F0B5F994F8BC
:10831800813023B1BDF806305BBAADF80630BDF840
:10832800060002B010BD0022FFF7DCBF002B00F1F1
:10833800040093B20CBF0A46002200F09DB9000069
:1083480007B51A230093C622C523C7210248FFF7A1
:1083580003FF03B05DF804FBCC0E0020084A034677
:10836800106863B1074A934201D1FCF7F3BA064A91
:10837800934201D1FCF7DCBA044A9342FAD0704721
:10838800740000200030014000380040003C0040EC
:108398002DE9F04F0E4685B015461F4604460028C5
:1083A80000F0D5808B49C06EFEF724FF8A498146CC
:1083B800A06EFEF71FFF89498346206FFEF71AFF5C
:1083C80087498046606FFEF715FF8246B9F1000FB6
:1083D80000F0BD80BBF1000F00F0B980B8F1000FCC
:1083E80000F0B58059464846FEF71AFF51468146C7
:1083F8004046FEF715FF014680464846FEF710FF47
:108408006066B9F1000F00F0A280B8F1000F00F02B
:108418009E80002800F09B806E49E06EFEF7D2FE39
:108428006D49A06EFEF7CEFE6C49206FFEF7CAFEBE
:10843800236F012DC3F303118CBF012202220629E9
:1084480000F2C580674803F00F0350F82100664921
:10845800D0F80CC051F8233093FAA3F1B1FA81F1A6
:108468004FF0030E490093FAA3F3B3FA83F30EFA1D
:1084780001F15B002CEA010102FA03F30B43C3602C
:108488005749606FFEF79EFE606E584B984261D167
:1084980003F560431A6E42F480521A661A6E02F4AB
:1084A80080520192019A1A6C42F480521A641A6C32
:1084B80022F480521A64636F20605A1C0CBF4FF478
:1084C80000734FF48023A3619DF83830002B14BF4C
:1084D80000234FF482736360FFF740FFB6EB500F41
:1084E80065D2B6EB900F64D2B6EBD00F63D2B6EB81
:1084F800101F62D2B6EB501F61D2B6EB901F60D24C
:10850800B6EBD01F2CBF30233823E361002D5AD09F
:10851800022D5AD0013D18BF01256D000122C4E982
:10852800045287F0010707220023E262FF014FF49B
:10853800E062C4E90873A360A362E2606363204653
:10854800FCF79BFB626E136843F04003136005B0B1
:10855800BDE8F08F264B984213D103F5EC339A6DA2
:1085680042F480429A659A6D02F480420292029A1D
:108578009A6B42F480429A639A6B22F480429A631F
:1085880099E71C4B984296D103F5EA339A6D42F469
:1085980000429A659A6D02F400420392039A9A6B1C
:1085A80042F400429A639A6B22F40042E7E7002300
:1085B800ABE70823A9E71023A7E71823A5E720239B
:1085C800A3E72823A1E72A46A9E70022A7E7002373
:1085D800DB68FFDEA4A1000868A100082CA1000840
:1085E800E4A000083400002050A00008003001403A
:1085F80000380040003C004010B5044690B1FCF73C
:10860800ABFB636E184A93420DD1184B1A6C42F4B7
:1086180080521A641A6C22F480521A641A6E22F478
:1086280080521A6610BD124A93420DD10F4B9A6BB5
:1086380042F480429A639A6B22F480429A639A6D5C
:1086480022F480429A65EDE70A4A9342EAD1074B41
:108658009A6B42F400429A639A6B22F400429A633E
:108668009A6D22F40042EDE700300140001002400C
:1086780000380040003C00402DE9F0410D46164608
:108688001C4633B3476EFAF7F7FC8046BB68990778
:10869800FCD5D5B115F8013B3B73BB68DA07FCD5AF
:1086A8003B7B0EB106F8013BFAF7E6FCA0EB0800AD
:1086B800B0F57A7F04F1FF3409D2002CE6D12046C8
:1086C800BB681B06FCD4BDE8F081FF23E4E701206A
:1086D800F6E70220F7E710B5A4B03822002105A874
:1086E80000F0F2F914220021684600F0EDF9442266
:1086F800002113A800F0E8F90020FBF783FD2223EE
:108708004FF4807405934023CDE908434FF0010CE2
:1087180002230424552205A8CDE90BC3CDE90E4256
:10872800CDE910340D931293FBF7CCFD00B1FEE7B1
:108738000F210323CDE90013CDE90200049021465F
:108748006846FCF701F800B1FEE742F220031393F4
:1087580020904FF4006313A81893FCF72BF900B18D
:10876800FEE724B010BD08B50320FAF78BFCBDE87E
:10877800084000F0E7B808B5AFF30080F7F748FD08
:10878800F7F75AFDAFF30080FAE700000D48854679
:10879800FEF750FD0C480D490D4A002302E0D4585D
:1087A800C4500433C4188C42F9D30A4A0A4C002333
:1087B80001E013600432A242FBD300F0BDF9FFF7D9
:1087C800DAFFFEE70080002000000020CC00002037
:1087D8002CA50008CC000020B4100020FEE7000003
:1087E800C3B2192B2DE9F0410D462AD82C4A52F86C
:1087F800233000F4E0641C43621C4ED0294EC4F3BD
:10880800031704F00F0856F8273023FA08F3DB079C
:1088180010D525492046FEF72BFC18B32046FEF755
:10882800BFFA56F82730012202FA08F223EA0203B7
:1088380046F82730052D1FD8DFE805F01F2B252720
:108848002D2900F0C002C02A27D1CA2B25D8174BE2
:1088580000F03F0200F4E06453F82220104B53F874
:108868002230C8E712492046FEF702FC0028D8D07B
:108878002046FEF7ABFAD4E7FEE700212046BDE824
:10888800F041FEF705BC1021F8E72021F6E70321A7
:10889800F4E70121F2E70921F0E7BDE8F08100BF24
:1088A800ACA40008500F00205CA4000880A40008B5
:1088B800E0A10008C3B2192B19D8164A52F8233080
:1088C80000F4E0601843431C23D0C0F30313062BC5
:1088D80098BF114A00F00F0098BF52F823300F4A92
:1088E80088BF002352F8202091B19A61704700F0A8
:1088F800C002C02A0DD1CA2B0BD8094B00F03F0289
:1089080000F4E06053F82220024B53F82230D9E7F4
:108918009A627047ACA400083400002050A00008F8
:1089280080A40008FEF77EBA38B5044648B1FEF7C1
:1089380079FA054600F008F8FEF774FA431BA342DB
:10894800F8D338BDFEF7BABA70470000024B0146AB
:10895800186800F02DB800BF7C000020024B0146CB
:10896800186800F01DB900BF7C00002070B50F4EDC
:108978000C463168054611B900F0CEF83060214642
:10898800284600F0C9F8431C03D14FF0FF342046B5
:1089980070BDC41C24F00304A042F8D0211A284654
:1089A80000F0BAF80130F2D1EFE700BF6C0F0020F9
:1089B8002DE9F843CD1C25F0030508350C2D38BFEB
:1089C8000C25002D064601DBA94204D90C2333608F
:1089D8000020BDE8F883DFF8D48000F069F8D8F803
:1089E80000301C4644BB29463046FFF7BFFF431CF6
:1089F800044658D1D8F800402746002F43D1002C10
:108A08004BD023683946304604EB030900F084F85C
:108A1800814542D121686D1A29463046FFF7A6FFE5
:108A280001303AD023682B442360D8F800305A68C4
:108A380062BBC8F800700FE02268521B20D40B2AD2
:108A480017D96119A342256018BF5960636808BF28
:108A5800C8F8001062514B60304600F02FF804F15E
:108A68000B00231D20F00700C21A1CBF1B1AA350BD
:108A7800AFE76268A3420CBFC8F800205A60EBE772
:108A880023466468AEE73C467F68B6E71A465B68EB
:108A9800A342FBD100235360DEE70C23336030464A
:108AA80000F00CF894E70560D6E700BF700F0020CF
:108AB800014800F065B800BFB0100020014800F080
:108AC80060B800BFB010002002440346934200D1B2
:108AD800704703F8011BF9E710B50139034632B1B5
:108AE80011F8014F03F8014B013A002CF7D11A4451
:108AF8000021934200D110BD03F8011BF9E710B51E
:108B0800024601448A42134603D01C780132002CE5
:108B1800F8D1181A10BD000038B5064D00230446D8
:108B280008462B60FEF764FE431C02D12B6803B194
:108B3800236038BDAC10002070B50D4B0D4D5B1B8C
:108B48009C100026A64209D100F08CF90A4D0B4B67
:108B58005B1B9C100026A64205D170BD55F8043B4E
:108B680098470136EEE755F8043B98470136F2E797
:108B780014A5000814A5000814A5000824A50008D9
:108B8800704770470A44914200F1FF3300D17047A3
:108B980010B511F8014B03F8014F9142F9D110BDFE
:108BA80038B50546002941D051F8043C0C1F002B6C
:108BB800B8BFE418FFF77CFF1D4A136833B9636038
:108BC80014602846BDE83840FFF778BFA34208D9AB
:108BD800206821188B4201BF19685B680918216059
:108BE800EDE71A465B680BB1A342FAD91168501831
:108BF800A0420BD120680144501883421160E0D193
:108C080018685B68536008441060DAE702D90C23DF
:108C18002B60D6E7206821188B4204BF19685B686F
:108C2800636004BF091821605460CAE738BD00BFFB
:108C3800700F002008B52DED048BF0EE408AB0EEE1
:108C4800609A00F029F8B0EE408A00F01BF820B1D5
:108C5800B0EE480ABDEC048B08BDB0EE680A00F01F
:108C680011F80028F4D0B0EE490A00F00BF80028FB
:108C7800EED000F0F1F822239FED018A0360E7E7C8
:108C88000000807F10EE103A23F00040B0F1FF4F53
:108C98002CBF00200120704710EE103A23F000424C
:108CA80010EE903A23F000439A4202DB194613462D
:108CB8000A46991AB1F1706F00EE103A06EE902A42
:108CC8003FDCB3F1B14F10B52EDC0024B2F11A5FCE
:108CD8000ADA42B3B2F5000F5EDADFED347A66EEF7
:108CE800A76A20EE270A7E3C30EE666AF4EEC66A72
:108CF800F1EE10FA28D56FF30B0307EE903A30EE39
:108D0800277A30EE670A27EE000AA6EEA60AA7EE33
:108D1800A70A00F04FF834B1E40504F17E5407EED9
:108D2800904A20EE270A10BDB3F1FF4F29DA03F16C
:108D38005E4302F15E4200EE103A06EE902A4424A9
:108D4800C4E730EE260A704703F500036FF30B0300
:108D580007EE903AB0EE007AB0EE675A90EE075AF6
:108D68006FF30B0207EE102A26EE850A76EEC75A35
:108D7800A5EEA70AA6EE060AA7EE270A00F01AF83B
:108D8800C9E714BF30EE260A9FED090AB2F1FF4F7A
:108D9800C9D19FED070A10BD03F1085302F108522B
:108DA80000EE103A06EE902A443C9DE70000807ED3
:108DB8000000807FB1EEC00A704700BF08B500F020
:108DC80000F808B5062000F02BF80120FEF72EFD6C
:108DD8001F2938B505460C4604D9162303604FF001
:108DE800FF3038BDC26B12B152F821304BB928465A
:108DF80000F030F8224601462846BDE8384000F029
:108E080017B8012B0AD0591C03D11623036001207F
:108E1800E7E7002142F82410204698470020E0E7C1
:108E2800024B01461868FFF7D3BF00BF7C00002043
:108E380038B5074D00230446084611462B60FEF757
:108E4800F7FC431C02D12B6803B1236038BD00BF77
:108E5800AC100020FEF7F4BC014B1868704700BF47
:108E68007C000020F8B500BFF8BC08BC9E467047DF
:0C8E7800F8B500BFF8BC08BC9E4670476F
:108E8400020000436F62616C742D58205A65726F42
:108E94000053796E617269780043585A2D3030302E
:108EA40030303100312E302E300050726F677261D5
:108EB4006D204D65210001048E966E773EFE7E5F27
:108EC4001DB8F2664EFF5D19B0C20469542AD62E4D
:108ED400BFDD19B0C3E529B1E023A5A9B1C1008262
:108EE400674C1A978D795120C7068E7C7C7A764F11
:108EF400FD5930E2460E9EBEDF1D9991A0A5A1A9A1
:108F0400D022C6EF5C1B958990A2A7CCFB5528B351
:108F1400E44AF76C3BF46A562EDE1F9DB8D30588ED
:108F240092A6CE1EBEDF1D99B0E246EF5C07115D2E
:108F3400980B9D9497EE4E45336B44C729562730C2
:108F4400C6A7D5F256DFB43862CBA0B6E30F8406C9
:108F54002405656F7689B577412782666582CCD50D
:108F6400E620D52717C5F803237C5F64A51DC1D669
:108F740036CB4CD4DB66D78BB1997E6F4C3640062A
:108F8400D6EBD7A2E4F495515A5496D55344D78CD2
:108F9400E0B94068D218E9DD9A239248EE7F43AFE6
:108FA400EA7738848C0A72AF69F8DDF12483A3F878
:108FB4004ABFF59413DBBBD8B4B3A0FB4550603073
:108FC40059123171A2D313E7FAE7CE0F63150B6B75
:108FD40094BB378326059DFB4692FC0A15D10D737D
:108FE40092D68C1B8CB8558ACEBDFE8EFCED091230
:108FF400839182513123FBB40C76AD7CD9B44BB24E
:109004006714099C7F0C18BA3BD68E142AE41B52B1
:109014009F2B7DE1FB6A3302FAAC5AF23E887EAEA6
:10902400D1F378E805D1E3DC21F6E19ABD170ED936
:10903400469B8803EAF666BE0E1B5049964097F19C
:10904400F1E480A66EE87734BF294044C2FF4E980D
:10905400D39CA3322B76510409E7A9D1A632B123BC
:1090640053E247ABD6F5695C3E5FFAAE4520E5D2E4
:1090740044FF39326DFD27575CFDF0DEC1B599E53B
:10908400F51C770175C56D5892F2B247000126961A
:109094007A30FFB7F0EF77C18A5DDCC0D129301E8A
:1090A40077387A94F1B87A7EEFA4D1AC314AF25D84
:1090B400643DB2E2F00899FC70EE24A77EEE1E2017
:1090C400697D44BF8742DF883B0CDA42C904F94515
:1090D40050FC838F116A72BC9995F0AC3DA73BCDCF
:1090E4001CE2887937115F3989950A16847AF68AE1
:1090F400A428E4ED83803BB123A50310F466EABB06
:109104000C0FC5EC6C69C5D324ABD42AB799887607
:1091140008A0A8957CD8386DCD5902514BF1B52BD8
:1091240050E3B6BDD072CF9EFD6EBB44C8248A778F
:10913400188A1306EF977DFA81F031E6FA77ED315C
:1091440006315B548A9F3068DBE240F84E73FAAB19
:10915400748B105813DCD2E678D1322E8A9F2C58A7
:10916400064827C5A95E8147894621910370A43E1C
:10917400889CDA330ACEBC8B8ECF9FD3718043CFC9
:109184006BA95183763082C56A853911501A82DC05
:109194001E1CD57DA9719933471997B35AB1DFEDD8
:1091A400A4F2E62684A2289A9EDFA66AF4D6FC2EB0
:1091B4005B9D1A2A2768FBC183214B90E036DD5B57
:1091C400314255A013F7D089537199570929C5F332
:1091D40021F8372F40F3D4AF16083602FC77C58B3D
:1091E400049056B9C9679A99E800D386FF972D0869
:1091F400E9B7B391BCDF45C6ED0F8C4C1EE65B6E40
:109204003830E4AAE395DEB9E49AF5B2559A879B1F
:10921400F66AB2F2779A31F47A31D11D04C07C3205
:10922400A29E9AF562F8278DBF51FFD3DF64373FC2
:109234002A6F763A7D77069E777F5EEB3251F91678
:10924400669A09F3B008A470964630FFDA4FE91B1A
:10925400ED8DF8741F3192B3731736DB9130D688D5
:10926400556B3477877AE7EE06C61C8C190C484692
:10927400235E9C075CBFB47ED64F749CE2C5508BC2
:10928400C58B159060625729D01343A18088910043
:1092940044C74D1986CC2F2A755AFCEB972A70E3E4
:1092A40078D891B04F9907A395EA2421D5DE5120AF
:1092B40093270A3073A8FF8A97E9A76A8E0DE8F00E
:1092C400DFECEAB46C1D392A622D3D5A8B65F890A7
:1092D400052E7E912C78EF8E7AC12FAC78EEAF28D4
:1092E40045064C26AF3BA2DBA39306B53CA5D8EEBE
:1092F4008FAF25CC3F856848A962CC978F7F2AEA37
:10930400E0150AAD6207BD45F841D836CB4CDB6E9B
:10931400E63AE7DA15E9291E1210A0142C0E3DF4E2
:10932400BF394192750B257BA3CE399C1564C8FACD
:109334003DEF7327FE262ECEDA6EFD718EDDFE76AE
:10934400EEDC125C02C53A4E4E4FBFCA4015C76EE2
:109354008D41F110E04F7E977F1CAE478E6BB12597
:1093640031B073C71B9779F980D366223007741E16
:10937400E4D08021D6EE6B6C4FBFF5B7D909872FA7
:10938400A914BE27D9725001D41373A6A75102752C
:1093940025E1B345347DA88EEBF31649CB4F8CA160
:1093A400B9368539755D0800AEEBF6EAD7133A2174
:1093B4005A5F3084522695C914F257556BB110C2C6
:1093C400E1BD3B51C0B7554C711226C70DF951A4EC
:1093D4003802057FB8F1724BBF718914F37738D91D
:1093E4007124F30011A1D8D46927083735C9119D18
:1093F400901C0EE71CFF2D1EE892E11810957CE0EE
:1094040080F4964321F975216438DD9F1E9516DAA0
:10941400561D4F9A53B2E2E418CB6B1A65EB56C64D
:109424003BE5FED8263F3A84597266A2F375FFFBEA
:1094340060B322AD3F2D6BF9EBEA057CD88F6D2C20
:10944400989E2B93F15E46F08749297368D77FF97C
:10945400F0E57DDB1D7519F3C4589B1788A892E0CD
:10946400BEBD8B1D8D9F5676ADAF29E2D9D552F680
:10947400B55635573AC8E156431994D3049B6D3514
:10948400D80B5F4D198EECFA64910A72202BBC1A2A
:109494004AFE8BFDBBED1B23EAAD7282A1299971B3
:1094A400BDF095C103DD7BC2B23C2854D368A472DD
:1094B400C86696E0D1D87FF8D1262BF7ADBA55CA45
:1094C40015B932C3E588978E5CFB92258BBFA24504
:1094D400557AA76F8B575BCF0ECB1DFB208277A8E5
:1094E4008CCC16CE1DFADECC0B62FECCE1B7F0C3F9
:1094F40081647340A0C24D8911753355338DE84A98
:10950400FDEA6E300BD7312CDE47E3BFF85542E25B
:109514007F59E517EF99346991B1238E20872DA8DF
:10952400FED58AF3843AF037E4090054EE67499390
:10953400E48170E3904DEFFE41B7997BC183BA6239
:10954400126F7DDE6BAFDA16F95551EEA60C2B02C5
:10955400A3FD8DFB3017E46FDF3671C4CA8725483D
:10956400B047ECEAB4BFA54D9B9F0293C4E3E4E883
:10957400422D6881150AEB845BD6A874FB7D1DCB54
:109584002CDA462A7662CEBC5C9E8BE7CFBE78F599
:109594007CEBB33A9CAA6FCC72D159F21123D63F1B
:1095A40048D1B7CEB0BFCBEA80DE57D45E972F75D3
:1095B400D1508E802C6679BF724BBD8A816CD3E109
:1095C40001DCD21526C536DA2C1AC02794EDB79BD8
:1095D400850B5E8097C5EC4FEC885D50073547DC02
:1095E4000B3B3DDD60AFA85D813824255D5C15D162
:1095F400DEB3ABEC0569EF83ED5754B86464111620
:109604003269DA9F2D7F36BB445A34E87FBF03EBBF
:10961400007F59682279CF736C2C29A7A15F38A1E8
:109624001DF02053E01A6314587110AA080C3E165A
:109634001A6022827FBAA443A0D0AC1BD56B64B558
:109644001493319E5350D05766EE5A4FFB032A6948
:109654005876F183F74EBA8C4206605D6DCE608811
:10966400AEA4C3F103A54B98A1FF67E1ACA2B86215
:10967400D76FA031B4D277AF211006C69AFF1D0967
:10968400170E5FF1AA54344B458A8763A6DCF9248C
:109694003067C6B2D6613369EE50615728E77EEE73
:1096A400EC3A5A734EA88DE418EAEC4164C8E2E837
:1096B40066B62DB6FB6A6C16B3DD4643B973006A11
:1096C40071ED4E9D251AC33C4A95159935811402B6
:1096D400D6989BECD8233B8429AF0C9983A69A3463
:1096E4004FFAE8D03C4BD0FBB668B89E8FCDF760FC
:1096F4002D7A22E57DAB651B95A7A87FB677477BBE
:109704005F8B1272D0D491EFDE19503CA78BC4A9A1
:10971400B323CB76E681F0C1048FA3B8545B97AC36
:1097240019FF3F55272FE01D429B57FC4B4E0FCE90
:1097340098A9435703BDE7C894DF6E367332B4EF7C
:109744002E857A6EFC6C188275359007F3E49F3E83
:10975400DC68F3B5F31980920699A2E86FFF2E7FB7
:10976400AE42A45FFBD40E812BC304FF2BB3744E13
:10977400365B9C1500C6472BE88B3DF19C039A5839
:109784007F9B9CBF854979352E567B41143947838D
:1097940026AA078998111B86E7737AD87D786153C6
:1097A400E979F5368D449284F91350583BA46A360E
:1097B40065498E3C0EF16FD284C47E8E3F39AE7CF7
:1097C40084F163378E3CCC3E448145F14BB9ED6B5B
:1097D400365DBB20601A0FA3AA55773AA9AE374D60
:1097E400BAB8866BBC0850F6CCA4BD1D4072A586E1
:1097F400FAE210AE3D584B97F34374A99EEB21B7A0
:1098040001A4869397EE2F4F3B86A1416F4126908A
:10981400785C7F30384B3FAAECED5C6F0EAD43872C
:10982400FD9335E601EF412690999EFB195BADD27D
:10983400918AE046AF65FA4F84C1A12DCF458BD301
:109844008550557CF96788D44EE9D76B6154A1A43F
:10985400A6A2C2BF309C409F5FD7692B24825ED9E9
:10986400D6A712541AF7559F7650A99584E66B6DC6
:10987400B59654D6CDB3A19B46A7944DC494B49841
:10988400E3E1E234D533160754CDB77753DB4F4DBC
:10989400469DE9D49C8A36B6B838266C0EFF9C1BCC
:1098A400438B80CCB93DDAC7F18AF26DB8D7742FF7
:1098B4007E1EB7D34AB4ACFC79486CBC96B69446C9
:1098C400572DB0A3FC1EB95260852D41D043011E13
:1098D4001CD57DFCF3960DC7CB2A299A93DD882DE0
:1098E400375DAAFB4968A09C50867F685657F97972
:1098F4001839D4E001843361CAA5D2D6E4C98A4AAE
:1099040023444EBCF0DC24A1A0C4E2073C10C4B53F
:10991400254B6563F480E7CF61B1718221872CF513
:109924009100320CECA9B59A7485E3368F764F9C7E
:109934006DCEBCAD0A4BED7604CBC3B9339E019317
:1099440096697DC5A245799B045C8409ED8843C76B
:10995400AB931426A140B5CE4EBF2A42853E2C3B84
:1099640054E8121F0E9759B22789FAF2DF8E68590C
:10997400DC06BCB6850D0622ECB1CBE504E63DB3AE
:10998400B04173083F3C588663EB50EE1D2C37748E
:10999400A9D318A3476E9354AD0A5DB82A555D78D0
:1099A400F6EEBE8E3C7669B940C234EC2AB9ED7E3F
:1099B40020E48D0038C7E68F44A886CEEB2AE990D0
:1099C400F14CDF32FB731B6D921E95FEB4DB65DF39
:1099D4004D23548948BF4A2E70D6D762B43329B177
:1099E4003A334C236DA676A5216348E6905DED904D
:1099F400950B7A84BEB80D5E630C62264C145AB380
:109A0400AC23A474A76F333005600142A028B7EEDD
:109A14001938F164808243E141271F1F90547AD59D
:109A2400232ED13DCB28BA587FDC7C9124E92851E0
:109A3400836EC5562142EDA05622A140806BA8F743
:109A440094CA136B0C39D9FDE9F36FA69EFC708A96
:109A5400B3BC593C1E1D6CF97CAFF9887195EB576A
:109A640000BD9F8C4FE12483C522EAFDD30CE2178D
:109A7400187C6A4CDE77B4539B4C81CD2360AA0ECC
:109A840025739C02793230DF74DF7519F4A5145CF8
:109A9400F77AA8A591847C6003063BCD50B6279C39
:109AA400FEB1DDCCD3B05924B2CAE21C81229D0799
:109AB4008F8EB9BE4EFAFC3965BABF9D12375E97D8
:109AC4007EF389F55DF5E3098C62B5209D0C538A1C
:109AD400681BD28F75175DD4E5DA756219146A268E
:109AE4002DEBF8AF37F06CA455B1BCE233C09ACA81
:109AF400B011494F689B3B6B3CCC13F6C78561683A
:109B040042AEBBDDCD4516291DEADBC803943CEE0D
:109B14004F8211C3EC28BD970599DED7BB5E221F87
:109B2400D4EB64D992D985B76A056AE42441F1CDAE
:109B3400F0D83FF89E0ECD0B7A706B5A750A6A33D3
:109B440088EC17750870102F24CFC4E94200619483
:109B5400CA1F3A7606FAD24881F077600345D96184
:109B6400F4A46F3DD930C3046B542AB7EC3BF44BD7
:109B7400F5685226CEFF5D1991A0A3A5A9B1E023F3
:109B8400C40A774DF95120A3A5A9B1C10082868EDC
:109B94007F5D1991A0A3C4EB540B756852078C9A8E
:109BA400978D79706246EF5C1B95897141E121A123
:109BB400A1A1C002674C1AB6CFFD785324ABB5C936
:109BC400F16023A5C812876D5813858892876D5854
:109BD40032C70C9A97ACDA36EE5E3EDF1DB8F266F9
:109BE4002FBDF87247ED5813858892878C7B5509F1
:109BF40090A2C6EF3DF85324ABD42AB7EC5A36EE04
:109C04005E3EDF3CFA764FFD5930E246EF3DF853B5
:109C1400056931C10082868E7F5D19B0E227CCFBD5
:109C2400744B148B948B756833C50892878C9AB6E1
:109C3400CF1CBAD70D98B2E62FDC1B95897160232F
:109C4400C40A968F9CBAF66E3FFC5B15A8D226AF69
:109C5400BDF872662FDC1BB4CB148B94AAB7CDF974
:109C640051018082866F3DD930E227CCFB744B14BE
:109C7400AAB7CDF97043046B35C9F16023A5C8F3C5
:109C8400450892876D5832E62FBDF872664E1EBEA7
:109C9400FE7E7E7E5F1D9991A0A3C40A774D189322
:109CA400A4ABD40B754910A2C6EF3DF85324ABB551
:109CB400E833E44A16AEDE1FBCDB15A8B3C508734F
:109CC40045E931C1E121A1A1A1C002866F5C3AD767
:109CD4000D9893A4CA16AEDE1F9D99B0E246EF3DDF
:109CE400F872470C9AB6CFFD5911A0A3A5C8F34545
:109CF4000892876D39F043048A96AEDE3EDF1D99E3
:109D040091A0C2066F3DF872470C9A978D9893857F
:109D1400887345E931E023A5A9D003848A96AEDE91
:109D24001FBCDB15A8D226CEFF5D19918180826706
:109D34002DD813A4ABD40B94AAB7CDF95120A3A565
:109D4400C8F345E95022C6EF5C3AD70D989385884D
:109D540073644AF74DF95120A3C40A96AEDE3EFE61
:109D64007E7E7E5F3CFA764FFD7872662FBDD930D9
:109D7400C3E54812878C7B5528D2078C9A97ACDAB6
:109D8400178D795120A3C4EB540B948B94AAD62E2F
:109D9400BFFC5B15A8D226AFDC1BB4EA37EC3BF45E
:109DA4006A37CD1893856931C1E140E325C812872C
:109DB4008C9AB6CFFD5911A0C2068E7F5D38F2474A
:109DC4000C7B746A37EC5A36EE3FFC7A764F1C9B58
:109DD40095897141006344EB542AD60F9CBAD70D80
:109DE4009893856931C10082868E9EBEDF3CFA5706
:109DF4002CDA36EE3FFC5B158971410082868E7F3A
:109E04005D38F247ED5813A4CAF74DF95101806348
:109E140044EB542AD62EBFDD1991A0A3A5A9B1E025
:109E240042068E7F5D1991A0A3C40A968F7D787235
:109E3400470C7B746A562EDE1FBCFA570D7951010C
:109E44006121A1C0E325A9B1C1E14002674C1A9781
:109E54008D9893A4ABD42AD60F9C9BB4CB14AAB7E9
:109E6400CDF95120A3C4EB35C9F16042068E7F7C45
:109E74007A766E3FFC7A766E5E3EFE7E5F3CDB1544
:109E8400897141E121C0E344EB542AB7CDF97062F2
:109E940027ADD832C70C7B744B14AAB7EC3BD5283A
:109EA400D2076D39D120C2E74C1A978D98B2C70CEE
:109EB4005928F39B1005002020000000958E00080F
:109EC400F004002020000000878E000830050020E8
:109ED40010000000AC8E0008090254000301008049
:109EE40032090400000103000000092111010001EE
:109EF4002217000705810340000A09040100010339
:109F0400000000092111010001222E00070582032F
:109F140008000109040200010300000009211101E5
:109F24000001224900070583031000011201000209
:109F3400000000400912BAC0010101020301170028
:109F44002E004900CB9F00089D9F0008549F0008E5
:109F540005010906A1018501050719E029E7150096
:109F64002501750195088102950175088101950601
:109F74007508150026FF000507190029FF8100C098
:109F8400050C0901A1018502150026FF0319002A09
:109F9400FF03751095018100C005010902A10109A3
:109FA40001A1000509190129081500250195087565
:109FB40001810205010930093109381581257F75B0
:109FC4000895038106C0C00600FF0901A1018502AE
:109FD400150026FF00750895400901B102C0122B37
:109FE40044000000C0000001400121402324255EFC
:109FF400262A2829002D2E2F303133343536373890
:10A004005F2B7B7D7C3A227E3C3E3F002C2D2E2F05
:10A014003031333435363738202D3D5B5D5C3B279A
:10A02400602C2E2F0000CD00B500B600B700E20072
:10A03400E900EA00920123028A0183016F007000A3
:10A044000201040304004000000400400100000079
:10A0540002000000040000000800000010000000DE
:10A06400200000004000000080000000000100000B
:10A0740000020000000400000008000000100000BE
:10A0840000200000004000000080000000000000EC
:10A0940001020304000000000000000001020304A8
:10A0A400060708090000000000000000E98000081D
:10A0B400FB8000087D1900082F830008F180000848
:10A0C400E7800008E78000084D810008E58000086B
:10A0D400E5800008E5800008C1820008EB800008E4
:10A0E40004000000003001401205000004010000DB
:10A0F400003C0040120600000F0000000030014048
:10A10400120500000F010000003C00401206000090
:10A11400500000000038004012050000FFFFFFFF60
:10A1240000000000000000000500000000300140B5
:10A134001205000013000000003001401205000069
:10A1440013010000003C0040120600005100000012
:10A154000038004012050000FFFFFFFF0000000070
:10A16400000000000600000000300140120500005D
:10A174000A0000000038004012050000140000002E
:10A18400003001401205000014010000003C0040B2
:10A1940012060000FFFFFFFF0000000000000000A7
:10A1A4000700000000300140120500000B00000011
:10A1B4000038004012050000150000000030014086
:10A1C4001205000015010000003C004012060000CA
:10A1D400FFFFFFFF0000000000000000000000007F
:10A1E4000000004012810000010000000000004057
:10A1F4001201010001010000004001401289100019
:10A204000200000000000040128101000201000071
:10A2140000400140128900000300000000000040DB
:10A224001201020003010000004001401209010074
:10A2340004000000000400401202010005000000B8
:10A2440000000040128100000600000000040040ED
:10A254001282000006010000004401401281000047
:10A2640007000000002C01401286100007010000C6
:10A274000004004012020100070200000034014003
:10A2840012841000070300000048014012810000FE
:10A2940008000000002C01401286000009000000A4
:10A2A400002C0140120601000901000000000040DA
:10A2B400128A01000A000000002C014012860100ED
:10A2C4000A01000000000040120A02000B00000016
:10A2D400002C0140128610000B010000002C0140EC
:10A2E400120B02000B02000000080040128A00005A
:10A2F4000C000000002C0140120611000C010000AB
:10A3040000080040120A01000C0200000044014051
:10A31400128100000D00000000080040128A0100B4
:10A324000D01000000440140128110000E000000E5
:10A3340000340140120501000F000000000000403D
:10A34400128100000F01000000340140128200005D
:10A3540010000000002C0140120611001001000042
:10A364000004004012820100100200000034014089
:10A37400120411001300000000000040120101004B
:10A384001301000000340140128410001400000086
:10A394000004004012820000140100000034014057
:10A3A4001204110014020000004401401281000054
:10A3B4001500000000040040120201001501000015
:10A3C40000340140128311001502000000480140CE
:10A3D400128A0000160000000008004012820000EB
:10A3E400160100000034014012850000160200002E
:10A3F40000440140128110001700000000040040D6
:10A40400120A0200170100000008004012020100B5
:10A4140017020000004801401281100018000000DB
:10A4240000080040128201001801000000340140BD
:10A43400120A0100180200000044014012810000C9
:10A4440050000000002C014012861100FFFFFFFFA6
:10A45400000000000000000004000000000800509C
:10A464000380000005000000000800500300010004
:10A47400FFFFFFFF000000000000000000000000DC
:10A4840001000000020000000300000004000000BE
:10A494000500000006000000070000001000000096
:10A4A4001700000018000000000000000100000078
:10A4B400020000000300000004000000050000008A
:10A4C400060000000700000008000000090000006A
:10A4D4000A0000000B0000000C0000000D0000004A
:10A4E4000E0000000F000000100000001300000028
:10A4F4001400000015000000160000001700000002
:10A504001800000050000000510000006A00000024
:10A514006F870008FD010008856F00084983000863
:08A52400D90100085D70000878
:10A52C002003FFFF0101FFFF0100000001000000FC
:10A53C0010000000000000000000000000000000FF
:10A54C0000000000010000000000000000000000FE
:10A55C00000000000000004800040048000800480B
:10A56C00000C004800100048001400480018004877
:10A57C00003002400000000000000000000000005D
:10A58C0000000000000000000000000000000000BF
:10A59C00010000000024F400B8100020800000200E
:10A5AC0000000000740F0020DC0F0020441000207D
:10A5BC00000000000000000000000000000000008F
:10A5CC00000000000000000000000000000000007F
:10A5DC00000000000000000000000000000000006F
:0CA5EC0000000000000000000000000063
:0400000508008795D3
:00000001FF
